new_formula,composition_vector
Al1H10N2O1F5,"[13, 1.0, 1, 10.0, 7, 2.0, 8, 1.0, 9, 5.0]"
Al1H10S1O9F1,"[13, 1.0, 1, 10.0, 16, 1.0, 8, 9.0, 9, 1.0]"
Na1Al1Si1,"[11, 1.0, 13, 1.0, 14, 1.0]"
Na1Al1P2S6,"[11, 1.0, 13, 1.0, 15, 2.0, 16, 6.0]"
K2Na1Al1P2,"[19, 2.0, 11, 1.0, 13, 1.0, 15, 2.0]"
Na1Sr2Al1P3,"[11, 1.0, 38, 2.0, 13, 1.0, 15, 3.0]"
Na1Eu2Al1P3,"[11, 1.0, 63, 2.0, 13, 1.0, 15, 3.0]"
Na1Al1Cl4,"[11, 1.0, 13, 1.0, 17, 4.0]"
K2Na1Al1As2,"[19, 2.0, 11, 1.0, 13, 1.0, 33, 2.0]"
Na1Al1Ge1,"[11, 1.0, 13, 1.0, 32, 1.0]"
Na1Al1Se2,"[11, 1.0, 13, 1.0, 34, 2.0]"
Na1Al1Br4,"[11, 1.0, 13, 1.0, 35, 4.0]"
Na1Al1Te2,"[11, 1.0, 13, 1.0, 52, 2.0]"
Na1Al1I4,"[11, 1.0, 13, 1.0, 53, 4.0]"
Na1Al3Ni1Cl12,"[11, 1.0, 13, 3.0, 28, 1.0, 17, 12.0]"
Na1Al6Sb7Te8Cl24,"[11, 1.0, 13, 6.0, 51, 7.0, 52, 8.0, 17, 24.0]"
Sr1Al1Si1H1,"[38, 1.0, 13, 1.0, 14, 1.0, 1, 1.0]"
Ba1Al1Si1H1,"[56, 1.0, 13, 1.0, 14, 1.0, 1, 1.0]"
Al1Fe3H1,"[13, 1.0, 26, 3.0, 1, 1.0]"
Sr1Al1Ge1H1,"[38, 1.0, 13, 1.0, 32, 1.0, 1, 1.0]"
Ba1Al1Ge1H1,"[56, 1.0, 13, 1.0, 32, 1.0, 1, 1.0]"
Al1H11S1O10,"[13, 1.0, 1, 11.0, 16, 1.0, 8, 10.0]"
Na2Al2As3,"[11, 2.0, 13, 2.0, 33, 3.0]"
Al1B3H12,"[13, 1.0, 5, 3.0, 1, 12.0]"
Al1H12N3O15,"[13, 1.0, 1, 12.0, 7, 3.0, 8, 15.0]"
Al1P2H12N3O8,"[13, 1.0, 15, 2.0, 1, 12.0, 7, 3.0, 8, 8.0]"
Na1Al1H12S2O14,"[11, 1.0, 13, 1.0, 1, 12.0, 16, 2.0, 8, 14.0]"
Al2H12Se3O15,"[13, 2.0, 1, 12.0, 34, 3.0, 8, 15.0]"
Ca1Al6H12S4O28,"[20, 1.0, 13, 6.0, 1, 12.0, 16, 4.0, 8, 28.0]"
Al1H12Cl3O6,"[13, 1.0, 1, 12.0, 17, 3.0, 8, 6.0]"
Na3Al1P2,"[11, 3.0, 13, 1.0, 15, 2.0]"
Na3Al1S3,"[11, 3.0, 13, 1.0, 16, 3.0]"
K6Na3Al1Sb4,"[19, 6.0, 11, 3.0, 13, 1.0, 51, 4.0]"
Na3Ca3Al1As4,"[11, 3.0, 20, 3.0, 13, 1.0, 33, 4.0]"
Na3Ca3Al1Sb4,"[11, 3.0, 20, 3.0, 13, 1.0, 51, 4.0]"
Na3Al1As2,"[11, 3.0, 13, 1.0, 33, 2.0]"
Na3Al1Se3,"[11, 3.0, 13, 1.0, 34, 3.0]"
Na3Al1Te3,"[11, 3.0, 13, 1.0, 52, 3.0]"
Na5Al3H14,"[11, 5.0, 13, 3.0, 1, 14.0]"
Al1H14Se1N1O14,"[13, 1.0, 1, 14.0, 34, 1.0, 7, 1.0, 8, 14.0]"
Rb1Al1B1P2H1O9,"[37, 1.0, 13, 1.0, 5, 1.0, 15, 2.0, 1, 1.0, 8, 9.0]"
Cs1Al1B1P2H1O9,"[55, 1.0, 13, 1.0, 5, 1.0, 15, 2.0, 1, 1.0, 8, 9.0]"
Al2B3H1O8,"[13, 2.0, 5, 3.0, 1, 1.0, 8, 8.0]"
Al1H15N5Cl3,"[13, 1.0, 1, 15.0, 7, 5.0, 17, 3.0]"
Al1H15Br3N5,"[13, 1.0, 1, 15.0, 35, 3.0, 7, 5.0]"
K1Al1B4H16,"[19, 1.0, 13, 1.0, 5, 4.0, 1, 16.0]"
Al2H16S3O20,"[13, 2.0, 1, 16.0, 16, 3.0, 8, 20.0]"
Na7Al2Sb5,"[11, 7.0, 13, 2.0, 51, 5.0]"
Al1H1O2,"[13, 1.0, 1, 1.0, 8, 2.0]"
Ba3Al1H1O4,"[56, 3.0, 13, 1.0, 1, 1.0, 8, 4.0]"
Al1H1S1O5,"[13, 1.0, 1, 1.0, 16, 1.0, 8, 5.0]"
Na1Ca1Al1P1H1O5F2,"[11, 1.0, 20, 1.0, 13, 1.0, 15, 1.0, 1, 1.0, 8, 5.0, 9, 2.0]"
Al1H18C3N9F6,"[13, 1.0, 1, 18.0, 6, 3.0, 7, 9.0, 9, 6.0]"
Na1Al2H18S4N4Cl1O18,"[11, 1.0, 13, 2.0, 1, 18.0, 16, 4.0, 7, 4.0, 17, 1.0, 8, 18.0]"
Na2Al1Si3H1O9,"[11, 2.0, 13, 1.0, 14, 3.0, 1, 1.0, 8, 9.0]"
Na4Al1P2H1O9,"[11, 4.0, 13, 1.0, 15, 2.0, 1, 1.0, 8, 9.0]"
La3Mg1Al1S7,"[57, 3.0, 12, 1.0, 13, 1.0, 16, 7.0]"
Y1Mg1Al1,"[39, 1.0, 12, 1.0, 13, 1.0]"
Mg1Al2S4,"[12, 1.0, 13, 2.0, 16, 4.0]"
Mg1Al2Cl8,"[12, 1.0, 13, 2.0, 17, 8.0]"
Mg1Al2Cu1,"[12, 1.0, 13, 2.0, 29, 1.0]"
Ca4Mg1Al3,"[20, 4.0, 12, 1.0, 13, 3.0]"
Mg17Al12,"[12, 17.0, 13, 12.0]"
Mg2Al2Se5,"[12, 2.0, 13, 2.0, 34, 5.0]"
Mg2Al5Cu6,"[12, 2.0, 13, 5.0, 29, 6.0]"
Mg3Ti2Al18,"[12, 3.0, 22, 2.0, 13, 18.0]"
Mg3Al18V2,"[12, 3.0, 13, 18.0, 23, 2.0]"
Mg3Al18Cr2,"[12, 3.0, 13, 18.0, 24, 2.0]"
Mg3Al18Mo2,"[12, 3.0, 13, 18.0, 42, 2.0]"
Mg3Ta2Al18,"[12, 3.0, 73, 2.0, 13, 18.0]"
Mg3Al18W2,"[12, 3.0, 13, 18.0, 74, 2.0]"
Ca4Be2Al2Si9H2O28,"[20, 4.0, 4, 2.0, 13, 2.0, 14, 9.0, 1, 2.0, 8, 28.0]"
Cs1Al1H24S2O20,"[55, 1.0, 13, 1.0, 1, 24.0, 16, 2.0, 8, 20.0]"
Cs1Al1H24Se2O20,"[55, 1.0, 13, 1.0, 1, 24.0, 34, 2.0, 8, 20.0]"
Na1Al1H2C1O5,"[11, 1.0, 13, 1.0, 1, 2.0, 6, 1.0, 8, 5.0]"
K1Al1H2C1O5,"[19, 1.0, 13, 1.0, 1, 2.0, 6, 1.0, 8, 5.0]"
Na7Al1H2C4O12F4,"[11, 7.0, 13, 1.0, 1, 2.0, 6, 4.0, 8, 12.0, 9, 4.0]"
Al1H2Pb1O2F3,"[13, 1.0, 1, 2.0, 82, 1.0, 8, 2.0, 9, 3.0]"
Na3Al1P2H2O9,"[11, 3.0, 13, 1.0, 15, 2.0, 1, 2.0, 8, 9.0]"
Al1,"[13, 1.0]"
Y1Al10Fe2,"[39, 1.0, 13, 10.0, 26, 2.0]"
Ce1Al10Fe2,"[58, 1.0, 13, 10.0, 26, 2.0]"
Tb1Al10Fe2,"[65, 1.0, 13, 10.0, 26, 2.0]"
Dy1Al10Fe2,"[66, 1.0, 13, 10.0, 26, 2.0]"
Ho1Al10Fe2,"[67, 1.0, 13, 10.0, 26, 2.0]"
Er1Al10Fe2,"[68, 1.0, 13, 10.0, 26, 2.0]"
Tm1Al10Fe2,"[69, 1.0, 13, 10.0, 26, 2.0]"
Lu1Al10Fe2,"[71, 1.0, 13, 10.0, 26, 2.0]"
Th1Al10Fe2,"[90, 1.0, 13, 10.0, 26, 2.0]"
U1Al10Fe2,"[92, 1.0, 13, 10.0, 26, 2.0]"
Y1Al10Ru2,"[39, 1.0, 13, 10.0, 44, 2.0]"
Y1Al10Re2,"[39, 1.0, 13, 10.0, 75, 2.0]"
La1Al10Ru2,"[57, 1.0, 13, 10.0, 44, 2.0]"
Ce1Al10Ru2,"[58, 1.0, 13, 10.0, 44, 2.0]"
Pr1Al10Ru2,"[59, 1.0, 13, 10.0, 44, 2.0]"
Nd1Al10Ru2,"[60, 1.0, 13, 10.0, 44, 2.0]"
Sm1Al10Ru2,"[62, 1.0, 13, 10.0, 44, 2.0]"
Gd1Al10Ru2,"[64, 1.0, 13, 10.0, 44, 2.0]"
Tb1Al10Ru2,"[65, 1.0, 13, 10.0, 44, 2.0]"
Ho1Al10Ru2,"[67, 1.0, 13, 10.0, 44, 2.0]"
Er1Al10Ru2,"[68, 1.0, 13, 10.0, 44, 2.0]"
U1Al10Ru2,"[92, 1.0, 13, 10.0, 44, 2.0]"
Ba7Al10,"[56, 7.0, 13, 10.0]"
Pr1Al10Os2,"[59, 1.0, 13, 10.0, 76, 2.0]"
Nd1Al10Os2,"[60, 1.0, 13, 10.0, 76, 2.0]"
Tb1Al10Re2,"[65, 1.0, 13, 10.0, 75, 2.0]"
Dy1Al10Re2,"[66, 1.0, 13, 10.0, 75, 2.0]"
Ho1Al10Re2,"[67, 1.0, 13, 10.0, 75, 2.0]"
Er1Al10Re2,"[68, 1.0, 13, 10.0, 75, 2.0]"
Tm1Al10Re2,"[69, 1.0, 13, 10.0, 75, 2.0]"
Lu1Al10Re2,"[71, 1.0, 13, 10.0, 75, 2.0]"
Lu1Al10Os2,"[71, 1.0, 13, 10.0, 76, 2.0]"
Al11Co6Si6,"[13, 11.0, 27, 6.0, 14, 6.0]"
Mn4Al11,"[25, 4.0, 13, 11.0]"
Ca1Al1Si1,"[20, 1.0, 13, 1.0, 14, 1.0]"
Sr1Al1Si1,"[38, 1.0, 13, 1.0, 14, 1.0]"
Y1Al1Si1,"[39, 1.0, 13, 1.0, 14, 1.0]"
Ba1Al1Si1,"[56, 1.0, 13, 1.0, 14, 1.0]"
Ce1Al1Si1,"[58, 1.0, 13, 1.0, 14, 1.0]"
Sm1Al1Si1,"[62, 1.0, 13, 1.0, 14, 1.0]"
Dy1Al1Si1,"[66, 1.0, 13, 1.0, 14, 1.0]"
Ho1Al1Si1,"[67, 1.0, 13, 1.0, 14, 1.0]"
Er1Al1Si1,"[68, 1.0, 13, 1.0, 14, 1.0]"
Tm1Al1Si1,"[69, 1.0, 13, 1.0, 14, 1.0]"
Lu1Al1Si1,"[71, 1.0, 13, 1.0, 14, 1.0]"
Sc2Al1Si2,"[21, 2.0, 13, 1.0, 14, 2.0]"
Al1Co2Si2,"[13, 1.0, 27, 2.0, 14, 2.0]"
Y2Al1Si2,"[39, 2.0, 13, 1.0, 14, 2.0]"
La1Al1Si2,"[57, 1.0, 13, 1.0, 14, 2.0]"
Pr1Al1Si2,"[59, 1.0, 13, 1.0, 14, 2.0]"
Ho2Al1Si2,"[67, 2.0, 13, 1.0, 14, 2.0]"
Er2Al1Si2,"[68, 2.0, 13, 1.0, 14, 2.0]"
Tm2Al1Si2,"[69, 2.0, 13, 1.0, 14, 2.0]"
Lu2Al1Si2,"[71, 2.0, 13, 1.0, 14, 2.0]"
Al1P1,"[13, 1.0, 15, 1.0]"
Al1P1S4,"[13, 1.0, 15, 1.0, 16, 4.0]"
Al1P1I8,"[13, 1.0, 15, 1.0, 53, 8.0]"
Al1P1Pt5,"[13, 1.0, 15, 1.0, 78, 5.0]"
K3Al1P2,"[19, 3.0, 13, 1.0, 15, 2.0]"
Al1P2I9,"[13, 1.0, 15, 2.0, 53, 9.0]"
Cs3Al1P2,"[55, 3.0, 13, 1.0, 15, 2.0]"
Ba3Al1P3,"[56, 3.0, 13, 1.0, 15, 3.0]"
La3Al11,"[57, 3.0, 13, 11.0]"
Ce3Al11,"[58, 3.0, 13, 11.0]"
Al1Bi1S1Cl4,"[13, 1.0, 83, 1.0, 16, 1.0, 17, 4.0]"
Al1S1Cl7,"[13, 1.0, 16, 1.0, 17, 7.0]"
Al1Cu1S2,"[13, 1.0, 29, 1.0, 16, 2.0]"
Al1Ag1S2,"[13, 1.0, 47, 1.0, 16, 2.0]"
Al1Tl1S2,"[13, 1.0, 81, 1.0, 16, 2.0]"
Al1As3S5Cl4,"[13, 1.0, 33, 3.0, 16, 5.0, 17, 4.0]"
La3Mn1Al1S7,"[57, 3.0, 25, 1.0, 13, 1.0, 16, 7.0]"
Pr3Mn1Al1S7,"[59, 3.0, 25, 1.0, 13, 1.0, 16, 7.0]"
Nd3Mn1Al1S7,"[60, 3.0, 25, 1.0, 13, 1.0, 16, 7.0]"
Sm3Mn1Al1S7,"[62, 3.0, 25, 1.0, 13, 1.0, 16, 7.0]"
Ce3Al1Fe1S7,"[58, 3.0, 13, 1.0, 26, 1.0, 16, 7.0]"
Al1Cl3,"[13, 1.0, 17, 3.0]"
K1Al1Cl4,"[19, 1.0, 13, 1.0, 17, 4.0]"
Al1Cu1Cl4,"[13, 1.0, 29, 1.0, 17, 4.0]"
Al1As3Se4Cl4,"[13, 1.0, 33, 3.0, 34, 4.0, 17, 4.0]"
Al1Bi1Se1Cl4,"[13, 1.0, 83, 1.0, 34, 1.0, 17, 4.0]"
Al1Se2Cl4,"[13, 1.0, 34, 2.0, 17, 4.0]"
Al1Sb2Se2Cl4,"[13, 1.0, 51, 2.0, 34, 2.0, 17, 4.0]"
Al1Se4Cl4,"[13, 1.0, 34, 4.0, 17, 4.0]"
Al1Sb2Te2Br1Cl4,"[13, 1.0, 51, 2.0, 52, 2.0, 35, 1.0, 17, 4.0]"
Rb1Al1Cl4,"[37, 1.0, 13, 1.0, 17, 4.0]"
Al1Cd1Cl4,"[13, 1.0, 48, 1.0, 17, 4.0]"
Al1In1Cl4,"[13, 1.0, 49, 1.0, 17, 4.0]"
Al1Hg2Sb1Cl4,"[13, 1.0, 80, 2.0, 51, 1.0, 17, 4.0]"
Al1Sb2Te2Cl4,"[13, 1.0, 51, 2.0, 52, 2.0, 17, 4.0]"
Al1Bi1Te1Cl4,"[13, 1.0, 83, 1.0, 52, 1.0, 17, 4.0]"
Al1Te2Cl4,"[13, 1.0, 52, 2.0, 17, 4.0]"
Cs1Al1Cl4,"[55, 1.0, 13, 1.0, 17, 4.0]"
Al1Tl1Cl4,"[13, 1.0, 81, 1.0, 17, 4.0]"
Al1Bi4Cl4,"[13, 1.0, 83, 4.0, 17, 4.0]"
Al11Re4,"[13, 11.0, 75, 4.0]"
Al1I1Cl6,"[13, 1.0, 53, 1.0, 17, 6.0]"
Al1I3Cl6,"[13, 1.0, 53, 3.0, 17, 6.0]"
Al1Bi1Cl6,"[13, 1.0, 83, 1.0, 17, 6.0]"
Al1Se1Cl7,"[13, 1.0, 34, 1.0, 17, 7.0]"
Al1Te1Cl7,"[13, 1.0, 52, 1.0, 17, 7.0]"
K1Al1Se2,"[19, 1.0, 13, 1.0, 34, 2.0]"
K1Al1Br4,"[19, 1.0, 13, 1.0, 35, 4.0]"
K1Al1Sb4,"[19, 1.0, 13, 1.0, 51, 4.0]"
K1Al1Te2,"[19, 1.0, 13, 1.0, 52, 2.0]"
K3Al1As2,"[19, 3.0, 13, 1.0, 33, 2.0]"
K3Al1Se3,"[19, 3.0, 13, 1.0, 34, 3.0]"
Cs6K3Al1Sb4,"[55, 6.0, 19, 3.0, 13, 1.0, 51, 4.0]"
K3Al1Te3,"[19, 3.0, 13, 1.0, 52, 3.0]"
Ca11Al1Sb9,"[20, 11.0, 13, 1.0, 51, 9.0]"
Ca14Al1Sb11,"[20, 14.0, 13, 1.0, 51, 11.0]"
Ca1Al1Pd1,"[20, 1.0, 13, 1.0, 46, 1.0]"
Ca1Al1Pt1,"[20, 1.0, 13, 1.0, 78, 1.0]"
Ca1Al1Au1,"[20, 1.0, 13, 1.0, 79, 1.0]"
Ca2Al1Pd2,"[20, 2.0, 13, 1.0, 46, 2.0]"
Ca2Al1Pt2,"[20, 2.0, 13, 1.0, 78, 2.0]"
Ca3Al1As3,"[20, 3.0, 13, 1.0, 33, 3.0]"
Ca3Al1Sb3,"[20, 3.0, 13, 1.0, 51, 3.0]"
Sc1Al1,"[21, 1.0, 13, 1.0]"
Sc1Al1Ni2,"[21, 1.0, 13, 1.0, 28, 2.0]"
Sc1Al1Cu2,"[21, 1.0, 13, 1.0, 29, 2.0]"
Sc1Al1Ge1,"[21, 1.0, 13, 1.0, 32, 1.0]"
Sc1Al1Pd2,"[21, 1.0, 13, 1.0, 46, 2.0]"
Sc1Al1Ag2,"[21, 1.0, 13, 1.0, 47, 2.0]"
Sc1Al1Au1,"[21, 1.0, 13, 1.0, 79, 1.0]"
Sc1Al1Au2,"[21, 1.0, 13, 1.0, 79, 2.0]"
Sc2Al1,"[21, 2.0, 13, 1.0]"
Ti1Al1,"[22, 1.0, 13, 1.0]"
Ti1Al1Fe1Co1,"[22, 1.0, 13, 1.0, 26, 1.0, 27, 1.0]"
Ti1Al1Fe2,"[22, 1.0, 13, 1.0, 26, 2.0]"
Ti1Al1Co2,"[22, 1.0, 13, 1.0, 27, 2.0]"
Ti1Al1Ni2,"[22, 1.0, 13, 1.0, 28, 2.0]"
Ti1Al1Cu2,"[22, 1.0, 13, 1.0, 29, 2.0]"
Ti1Al1Pt1,"[22, 1.0, 13, 1.0, 78, 1.0]"
Ti1Al1Au1,"[22, 1.0, 13, 1.0, 79, 1.0]"
Ti3Al1,"[22, 3.0, 13, 1.0]"
Mn1Al12,"[25, 1.0, 13, 12.0]"
U3Al12Fe4,"[92, 3.0, 13, 12.0, 26, 4.0]"
Mn2Al1V1,"[25, 2.0, 13, 1.0, 23, 1.0]"
Al1V1Fe2,"[13, 1.0, 23, 1.0, 26, 2.0]"
Al1V1Co2,"[13, 1.0, 23, 1.0, 27, 2.0]"
Al1V3,"[13, 1.0, 23, 3.0]"
Y3Al12Os4,"[39, 3.0, 13, 12.0, 76, 4.0]"
Al12Tc1,"[13, 12.0, 43, 1.0]"
Ce3Al12Ru4,"[58, 3.0, 13, 12.0, 44, 4.0]"
Pr3Al12Ru4,"[59, 3.0, 13, 12.0, 44, 4.0]"
Nd3Al12Ru4,"[60, 3.0, 13, 12.0, 44, 4.0]"
Sm3Al12Ru4,"[62, 3.0, 13, 12.0, 44, 4.0]"
Tb3Al12Ru4,"[65, 3.0, 13, 12.0, 44, 4.0]"
Dy3Al12Ru4,"[66, 3.0, 13, 12.0, 44, 4.0]"
Ho3Al12Ru4,"[67, 3.0, 13, 12.0, 44, 4.0]"
Er3Al12Ru4,"[68, 3.0, 13, 12.0, 44, 4.0]"
Tm3Al12Ru4,"[69, 3.0, 13, 12.0, 44, 4.0]"
Mn1Al1,"[25, 1.0, 13, 1.0]"
Mn1Al1Fe2,"[25, 1.0, 13, 1.0, 26, 2.0]"
Mn1Al1Co2,"[25, 1.0, 13, 1.0, 27, 2.0]"
Mn1Al1Ni2,"[25, 1.0, 13, 1.0, 28, 2.0]"
Mn1Al1Ge1,"[25, 1.0, 13, 1.0, 32, 1.0]"
Mn1Al1Rh2,"[25, 1.0, 13, 1.0, 45, 2.0]"
Mn1Al1Au2,"[25, 1.0, 13, 1.0, 79, 2.0]"
Ce3Al12Os4,"[58, 3.0, 13, 12.0, 76, 4.0]"
Pr3Al12Os4,"[59, 3.0, 13, 12.0, 76, 4.0]"
Nd3Al12Os4,"[60, 3.0, 13, 12.0, 76, 4.0]"
Al1Fe1,"[13, 1.0, 26, 1.0]"
Al1Fe1Co2,"[13, 1.0, 26, 1.0, 27, 2.0]"
Sm3Al12Os4,"[62, 3.0, 13, 12.0, 76, 4.0]"
Tb3Al12Os4,"[65, 3.0, 13, 12.0, 76, 4.0]"
Dy3Al12Os4,"[66, 3.0, 13, 12.0, 76, 4.0]"
Ho3Al12Os4,"[67, 3.0, 13, 12.0, 76, 4.0]"
Er3Al12Os4,"[68, 3.0, 13, 12.0, 76, 4.0]"
Tm3Al12Os4,"[69, 3.0, 13, 12.0, 76, 4.0]"
Al1Co1,"[13, 1.0, 27, 1.0]"
Ce1Al1Co1,"[58, 1.0, 13, 1.0, 27, 1.0]"
Th1Al1Co1,"[90, 1.0, 13, 1.0, 27, 1.0]"
Zr1Al1Co2,"[40, 1.0, 13, 1.0, 27, 2.0]"
Nb1Al1Co2,"[41, 1.0, 13, 1.0, 27, 2.0]"
Gd2Al1Co2,"[64, 2.0, 13, 1.0, 27, 2.0]"
Tb2Al1Co2,"[65, 2.0, 13, 1.0, 27, 2.0]"
Dy2Al1Co2,"[66, 2.0, 13, 1.0, 27, 2.0]"
Hf1Al1Co2,"[72, 1.0, 13, 1.0, 27, 2.0]"
Ta1Al1Co2,"[73, 1.0, 13, 1.0, 27, 2.0]"
Al12Re1,"[13, 12.0, 75, 1.0]"
Al1Ni1,"[13, 1.0, 28, 1.0]"
Y1Al1Ni1,"[39, 1.0, 13, 1.0, 28, 1.0]"
Zr1Al1Ni1,"[40, 1.0, 13, 1.0, 28, 1.0]"
La1Al1Ni1,"[57, 1.0, 13, 1.0, 28, 1.0]"
Ce1Al1Ni1,"[58, 1.0, 13, 1.0, 28, 1.0]"
Pr1Al1Ni1,"[59, 1.0, 13, 1.0, 28, 1.0]"
Nd1Al1Ni1,"[60, 1.0, 13, 1.0, 28, 1.0]"
Gd1Al1Ni1,"[64, 1.0, 13, 1.0, 28, 1.0]"
Tb1Al1Ni1,"[65, 1.0, 13, 1.0, 28, 1.0]"
Dy1Al1Ni1,"[66, 1.0, 13, 1.0, 28, 1.0]"
Ho1Al1Ni1,"[67, 1.0, 13, 1.0, 28, 1.0]"
Er1Al1Ni1,"[68, 1.0, 13, 1.0, 28, 1.0]"
Tm1Al1Ni1,"[69, 1.0, 13, 1.0, 28, 1.0]"
Lu1Al1Ni1,"[71, 1.0, 13, 1.0, 28, 1.0]"
Hf1Al1Ni1,"[72, 1.0, 13, 1.0, 28, 1.0]"
Th1Al1Ni1,"[90, 1.0, 13, 1.0, 28, 1.0]"
Zr1Al1Ni2,"[40, 1.0, 13, 1.0, 28, 2.0]"
Nd2Al1Ni2,"[60, 2.0, 13, 1.0, 28, 2.0]"
Sm2Al1Ni2,"[62, 2.0, 13, 1.0, 28, 2.0]"
Gd2Al1Ni2,"[64, 2.0, 13, 1.0, 28, 2.0]"
Tb2Al1Ni2,"[65, 2.0, 13, 1.0, 28, 2.0]"
Er2Al1Ni2,"[68, 2.0, 13, 1.0, 28, 2.0]"
Tm2Al1Ni2,"[69, 2.0, 13, 1.0, 28, 2.0]"
Lu2Al1Ni2,"[71, 2.0, 13, 1.0, 28, 2.0]"
Hf1Al1Ni2,"[72, 1.0, 13, 1.0, 28, 2.0]"
Al1Ni3,"[13, 1.0, 28, 3.0]"
Dy3Al1Ni8,"[66, 3.0, 13, 1.0, 28, 8.0]"
La2Al1Ni9,"[57, 2.0, 13, 1.0, 28, 9.0]"
Al1Cu1,"[13, 1.0, 29, 1.0]"
Al1Cu1Se2,"[13, 1.0, 29, 1.0, 34, 2.0]"
Al1Cu1Br4,"[13, 1.0, 29, 1.0, 35, 4.0]"
Y1Al1Cu1,"[39, 1.0, 13, 1.0, 29, 1.0]"
Al1Cu1Te2,"[13, 1.0, 29, 1.0, 52, 2.0]"
Ce1Al1Cu1,"[58, 1.0, 13, 1.0, 29, 1.0]"
Pr1Al1Cu1,"[59, 1.0, 13, 1.0, 29, 1.0]"
Nd1Al1Cu1,"[60, 1.0, 13, 1.0, 29, 1.0]"
Sm1Al1Cu1,"[62, 1.0, 13, 1.0, 29, 1.0]"
Gd1Al1Cu1,"[64, 1.0, 13, 1.0, 29, 1.0]"
Tb1Al1Cu1,"[65, 1.0, 13, 1.0, 29, 1.0]"
Dy1Al1Cu1,"[66, 1.0, 13, 1.0, 29, 1.0]"
Ho1Al1Cu1,"[67, 1.0, 13, 1.0, 29, 1.0]"
Er1Al1Cu1,"[68, 1.0, 13, 1.0, 29, 1.0]"
Tm1Al1Cu1,"[69, 1.0, 13, 1.0, 29, 1.0]"
Al1Cu1Pt2,"[13, 1.0, 29, 1.0, 78, 2.0]"
Hf1Al1Cu2,"[72, 1.0, 13, 1.0, 29, 2.0]"
Al1Cu3,"[13, 1.0, 29, 3.0]"
Y1Al1Zn1,"[39, 1.0, 13, 1.0, 30, 1.0]"
Dy1Al1Zn1,"[66, 1.0, 13, 1.0, 30, 1.0]"
Er1Al1Zn1,"[68, 1.0, 13, 1.0, 30, 1.0]"
Al1H3,"[13, 1.0, 1, 3.0]"
Sr1Al1Ge1,"[38, 1.0, 13, 1.0, 32, 1.0]"
Y1Al1Ge1,"[39, 1.0, 13, 1.0, 32, 1.0]"
Ba1Al1Ge1,"[56, 1.0, 13, 1.0, 32, 1.0]"
La1Al1Ge1,"[57, 1.0, 13, 1.0, 32, 1.0]"
Ce1Al1Ge1,"[58, 1.0, 13, 1.0, 32, 1.0]"
Pr1Al1Ge1,"[59, 1.0, 13, 1.0, 32, 1.0]"
Nd1Al1Ge1,"[60, 1.0, 13, 1.0, 32, 1.0]"
Sm1Al1Ge1,"[62, 1.0, 13, 1.0, 32, 1.0]"
Eu1Al1Ge1,"[63, 1.0, 13, 1.0, 32, 1.0]"
Gd1Al1Ge1,"[64, 1.0, 13, 1.0, 32, 1.0]"
Tb1Al1Ge1,"[65, 1.0, 13, 1.0, 32, 1.0]"
Dy1Al1Ge1,"[66, 1.0, 13, 1.0, 32, 1.0]"
Ho1Al1Ge1,"[67, 1.0, 13, 1.0, 32, 1.0]"
Er1Al1Ge1,"[68, 1.0, 13, 1.0, 32, 1.0]"
Tm1Al1Ge1,"[69, 1.0, 13, 1.0, 32, 1.0]"
Lu1Al1Ge1,"[71, 1.0, 13, 1.0, 32, 1.0]"
Al13Fe4,"[13, 13.0, 26, 4.0]"
Ce2Al1Ge6,"[58, 2.0, 13, 1.0, 32, 6.0]"
Gd2Al1Ge6,"[64, 2.0, 13, 1.0, 32, 6.0]"
Al1As1,"[13, 1.0, 33, 1.0]"
Al1As1Pt5,"[13, 1.0, 33, 1.0, 78, 5.0]"
Cs3Al1As2,"[55, 3.0, 13, 1.0, 33, 2.0]"
Sr3Al1As3,"[38, 3.0, 13, 1.0, 33, 3.0]"
Ba3Al1As3,"[56, 3.0, 13, 1.0, 33, 3.0]"
Al1Ag1Se2,"[13, 1.0, 47, 1.0, 34, 2.0]"
Al1Tl1Se2,"[13, 1.0, 81, 1.0, 34, 2.0]"
Al13Ru4,"[13, 13.0, 44, 4.0]"
Al1Ag9Se6,"[13, 1.0, 47, 9.0, 34, 6.0]"
Al1Br3,"[13, 1.0, 35, 3.0]"
Rb1Al1Br4,"[37, 1.0, 13, 1.0, 35, 4.0]"
Al1In1Br4,"[13, 1.0, 49, 1.0, 35, 4.0]"
Cs1Al1Br4,"[55, 1.0, 13, 1.0, 35, 4.0]"
Al1Tl1Br4,"[13, 1.0, 81, 1.0, 35, 4.0]"
Nb1Al1Br8,"[41, 1.0, 13, 1.0, 35, 8.0]"
Al13Os4,"[13, 13.0, 76, 4.0]"
Rb6Al1Sb3,"[37, 6.0, 13, 1.0, 51, 3.0]"
Sr3Al1Sb3,"[38, 3.0, 13, 1.0, 51, 3.0]"
Y1Al1,"[39, 1.0, 13, 1.0]"
Y1Al1Pd1,"[39, 1.0, 13, 1.0, 46, 1.0]"
Y1Al1Pd2,"[39, 1.0, 13, 1.0, 46, 2.0]"
Y1Al1Pt1,"[39, 1.0, 13, 1.0, 78, 1.0]"
Y1Al1Au1,"[39, 1.0, 13, 1.0, 79, 1.0]"
Y2Al1,"[39, 2.0, 13, 1.0]"
Zr1Al1Pd2,"[40, 1.0, 13, 1.0, 46, 2.0]"
Zr1Al1Pt1,"[40, 1.0, 13, 1.0, 78, 1.0]"
Zr3Al1,"[40, 3.0, 13, 1.0]"
Zr5Al1Sn3,"[40, 5.0, 13, 1.0, 50, 3.0]"
Zr5Al1Sb3,"[40, 5.0, 13, 1.0, 51, 3.0]"
Zr5Al1Pb3,"[40, 5.0, 13, 1.0, 82, 3.0]"
Nb1Al1Ru2,"[41, 1.0, 13, 1.0, 44, 2.0]"
Nb2Al1,"[41, 2.0, 13, 1.0]"
Ca13Al14,"[20, 13.0, 13, 14.0]"
Al1Mo3,"[13, 1.0, 42, 3.0]"
Al1Tc2,"[13, 1.0, 43, 2.0]"
Al1Ru1,"[13, 1.0, 44, 1.0]"
Ce1Al1Ru1,"[58, 1.0, 13, 1.0, 44, 1.0]"
Ce2Al1Ru1,"[58, 2.0, 13, 1.0, 44, 1.0]"
Ce2Al1Ru2,"[58, 2.0, 13, 1.0, 44, 2.0]"
Al1Rh1,"[13, 1.0, 45, 1.0]"
La1Al1Rh1,"[57, 1.0, 13, 1.0, 45, 1.0]"
Ce1Al1Rh1,"[58, 1.0, 13, 1.0, 45, 1.0]"
Pr1Al1Rh1,"[59, 1.0, 13, 1.0, 45, 1.0]"
Nd1Al1Rh1,"[60, 1.0, 13, 1.0, 45, 1.0]"
Gd1Al1Rh1,"[64, 1.0, 13, 1.0, 45, 1.0]"
Ho1Al1Rh1,"[67, 1.0, 13, 1.0, 45, 1.0]"
Tm1Al1Rh1,"[69, 1.0, 13, 1.0, 45, 1.0]"
Th1Al1Rh1,"[90, 1.0, 13, 1.0, 45, 1.0]"
Al1Pd1,"[13, 1.0, 46, 1.0]"
Ce1Al1Pd1,"[58, 1.0, 13, 1.0, 46, 1.0]"
Pr1Al1Pd1,"[59, 1.0, 13, 1.0, 46, 1.0]"
Nd1Al1Pd1,"[60, 1.0, 13, 1.0, 46, 1.0]"
Sm1Al1Pd1,"[62, 1.0, 13, 1.0, 46, 1.0]"
Gd1Al1Pd1,"[64, 1.0, 13, 1.0, 46, 1.0]"
Tb1Al1Pd1,"[65, 1.0, 13, 1.0, 46, 1.0]"
Dy1Al1Pd1,"[66, 1.0, 13, 1.0, 46, 1.0]"
Ho1Al1Pd1,"[67, 1.0, 13, 1.0, 46, 1.0]"
Er1Al1Pd1,"[68, 1.0, 13, 1.0, 46, 1.0]"
Tm1Al1Pd1,"[69, 1.0, 13, 1.0, 46, 1.0]"
Lu1Al1Pd1,"[71, 1.0, 13, 1.0, 46, 1.0]"
Th1Al1Pd1,"[90, 1.0, 13, 1.0, 46, 1.0]"
Al1Pd2,"[13, 1.0, 46, 2.0]"
Ce1Al1Pd2,"[58, 1.0, 13, 1.0, 46, 2.0]"
Pr1Al1Pd2,"[59, 1.0, 13, 1.0, 46, 2.0]"
Nd1Al1Pd2,"[60, 1.0, 13, 1.0, 46, 2.0]"
Hf1Al1Pd2,"[72, 1.0, 13, 1.0, 46, 2.0]"
Al1Pd5,"[13, 1.0, 46, 5.0]"
Al1Pd5I2,"[13, 1.0, 46, 5.0, 53, 2.0]"
Al1Ag1Te2,"[13, 1.0, 47, 1.0, 52, 2.0]"
Al1In1I4,"[13, 1.0, 49, 1.0, 53, 4.0]"
Al1Sb1,"[13, 1.0, 51, 1.0]"
Ba3Al1Sb3,"[56, 3.0, 13, 1.0, 51, 3.0]"
Al1Te1I7,"[13, 1.0, 52, 1.0, 53, 7.0]"
Cs1Al1Te3,"[55, 1.0, 13, 1.0, 52, 3.0]"
Cs3Al1Te3,"[55, 3.0, 13, 1.0, 52, 3.0]"
Al1I3,"[13, 1.0, 53, 3.0]"
Al1Tl1I4,"[13, 1.0, 81, 1.0, 53, 4.0]"
Ce2Al15Ru3,"[58, 2.0, 13, 15.0, 44, 3.0]"
La1Al1,"[57, 1.0, 13, 1.0]"
La1Al1Pt1,"[57, 1.0, 13, 1.0, 78, 1.0]"
La1Al1Au1,"[57, 1.0, 13, 1.0, 79, 1.0]"
La3Al1,"[57, 3.0, 13, 1.0]"
Ce1Al1Ir1,"[58, 1.0, 13, 1.0, 77, 1.0]"
Ce1Al1Pt1,"[58, 1.0, 13, 1.0, 78, 1.0]"
Ce1Al1Au1,"[58, 1.0, 13, 1.0, 79, 1.0]"
Ce3Al1,"[58, 3.0, 13, 1.0]"
Pr1Al1,"[59, 1.0, 13, 1.0]"
Pr1Al1Pt1,"[59, 1.0, 13, 1.0, 78, 1.0]"
Pr1Al1Au1,"[59, 1.0, 13, 1.0, 79, 1.0]"
Nd1Al1,"[60, 1.0, 13, 1.0]"
Nd1Al1Pt1,"[60, 1.0, 13, 1.0, 78, 1.0]"
Nd1Al1Au1,"[60, 1.0, 13, 1.0, 79, 1.0]"
Nd3Al1,"[60, 3.0, 13, 1.0]"
Sm1Al1,"[62, 1.0, 13, 1.0]"
Sc6Al16Rh7,"[21, 6.0, 13, 16.0, 45, 7.0]"
Sc6Al16Pd7,"[21, 6.0, 13, 16.0, 46, 7.0]"
Sc6Al16Os7,"[21, 6.0, 13, 16.0, 76, 7.0]"
Sc6Al16Ir7,"[21, 6.0, 13, 16.0, 77, 7.0]"
Sm1Al1Pt1,"[62, 1.0, 13, 1.0, 78, 1.0]"
Sm1Al1Au1,"[62, 1.0, 13, 1.0, 79, 1.0]"
Ti6Al16Ni7,"[22, 6.0, 13, 16.0, 28, 7.0]"
Ti6Al16Ir7,"[22, 6.0, 13, 16.0, 77, 7.0]"
Ti6Al16Pt7,"[22, 6.0, 13, 16.0, 78, 7.0]"
Zr6Al16Co7,"[40, 6.0, 13, 16.0, 27, 7.0]"
Hf6Al16Co7,"[72, 6.0, 13, 16.0, 27, 7.0]"
Zr6Al16Ni7,"[40, 6.0, 13, 16.0, 28, 7.0]"
Eu1Al1,"[63, 1.0, 13, 1.0]"
Eu1Al1Au1,"[63, 1.0, 13, 1.0, 79, 1.0]"
Zr6Al16Rh7,"[40, 6.0, 13, 16.0, 45, 7.0]"
Zr6Al16Pd7,"[40, 6.0, 13, 16.0, 46, 7.0]"
Zr6Al16Ir7,"[40, 6.0, 13, 16.0, 77, 7.0]"
Zr6Al16Pt7,"[40, 6.0, 13, 16.0, 78, 7.0]"
Hf6Al16Rh7,"[72, 6.0, 13, 16.0, 45, 7.0]"
Hf6Al16Pd7,"[72, 6.0, 13, 16.0, 46, 7.0]"
Tb1Al1,"[65, 1.0, 13, 1.0]"
Tb1Al1Pt1,"[65, 1.0, 13, 1.0, 78, 1.0]"
Tb1Al1Au1,"[65, 1.0, 13, 1.0, 79, 1.0]"
Tb2Al1,"[65, 2.0, 13, 1.0]"
Ce2Al16Pt9,"[58, 2.0, 13, 16.0, 78, 9.0]"
Dy1Al1,"[66, 1.0, 13, 1.0]"
Dy1Al1Pt1,"[66, 1.0, 13, 1.0, 78, 1.0]"
Dy1Al1Au1,"[66, 1.0, 13, 1.0, 79, 1.0]"
Dy2Al1,"[66, 2.0, 13, 1.0]"
Ho1Al1,"[67, 1.0, 13, 1.0]"
Ho1Al1Pt1,"[67, 1.0, 13, 1.0, 78, 1.0]"
Ho1Al1Au1,"[67, 1.0, 13, 1.0, 79, 1.0]"
Ho2Al1,"[67, 2.0, 13, 1.0]"
Hf6Al16Ir7,"[72, 6.0, 13, 16.0, 77, 7.0]"
Hf6Al16Pt7,"[72, 6.0, 13, 16.0, 78, 7.0]"
Er1Al1,"[68, 1.0, 13, 1.0]"
Er1Al1Pt1,"[68, 1.0, 13, 1.0, 78, 1.0]"
Er1Al1Au1,"[68, 1.0, 13, 1.0, 79, 1.0]"
Er2Al1,"[68, 2.0, 13, 1.0]"
Tm1Al1,"[69, 1.0, 13, 1.0]"
Tm1Al1Pt1,"[69, 1.0, 13, 1.0, 78, 1.0]"
Tm1Al1Au1,"[69, 1.0, 13, 1.0, 79, 1.0]"
Lu1Al1,"[71, 1.0, 13, 1.0]"
Lu1Al1Pt1,"[71, 1.0, 13, 1.0, 78, 1.0]"
Lu1Al1Au1,"[71, 1.0, 13, 1.0, 79, 1.0]"
Hf1Al1Pt1,"[72, 1.0, 13, 1.0, 78, 1.0]"
Ta2Al1,"[73, 2.0, 13, 1.0]"
Al1Re2,"[13, 1.0, 75, 2.0]"
Al1Ir1,"[13, 1.0, 77, 1.0]"
Th1Al1Ir1,"[90, 1.0, 13, 1.0, 77, 1.0]"
U1Al1Ir1,"[92, 1.0, 13, 1.0, 77, 1.0]"
Al1Pt1,"[13, 1.0, 78, 1.0]"
Th1Al1Pt1,"[90, 1.0, 13, 1.0, 78, 1.0]"
U1Al1Pt1,"[92, 1.0, 13, 1.0, 78, 1.0]"
Al1Pt2,"[13, 1.0, 78, 2.0]"
Al1Pt3,"[13, 1.0, 78, 3.0]"
Al1Au1,"[13, 1.0, 79, 1.0]"
Al1Au2,"[13, 1.0, 79, 2.0]"
Al1Au4,"[13, 1.0, 79, 4.0]"
Th2Al1,"[90, 2.0, 13, 1.0]"
La1Ti2Al20,"[57, 1.0, 22, 2.0, 13, 20.0]"
Ce1Ti2Al20,"[58, 1.0, 22, 2.0, 13, 20.0]"
Pr1Ti2Al20,"[59, 1.0, 22, 2.0, 13, 20.0]"
La1Al20V2,"[57, 1.0, 13, 20.0, 23, 2.0]"
Ce1Al20V2,"[58, 1.0, 13, 20.0, 23, 2.0]"
Pr1Al20V2,"[59, 1.0, 13, 20.0, 23, 2.0]"
Sm1Al20V2,"[62, 1.0, 13, 20.0, 23, 2.0]"
Eu1Al20V2,"[63, 1.0, 13, 20.0, 23, 2.0]"
Th1Al20V2,"[90, 1.0, 13, 20.0, 23, 2.0]"
U1Al20V2,"[92, 1.0, 13, 20.0, 23, 2.0]"
La1Al20Cr2,"[57, 1.0, 13, 20.0, 24, 2.0]"
Ce1Al20Cr2,"[58, 1.0, 13, 20.0, 24, 2.0]"
U1Al20Cr2,"[92, 1.0, 13, 20.0, 24, 2.0]"
Ca1Al2Si2,"[20, 1.0, 13, 2.0, 14, 2.0]"
Sr1Al2Si2,"[38, 1.0, 13, 2.0, 14, 2.0]"
Sr3Al2Si2,"[38, 3.0, 13, 2.0, 14, 2.0]"
Y1Al2Si2,"[39, 1.0, 13, 2.0, 14, 2.0]"
Ba1Al2Si2,"[56, 1.0, 13, 2.0, 14, 2.0]"
Ba3Al2Si2,"[56, 3.0, 13, 2.0, 14, 2.0]"
La1Al2Si2,"[57, 1.0, 13, 2.0, 14, 2.0]"
Pr1Al2Si2,"[59, 1.0, 13, 2.0, 14, 2.0]"
Eu1Al2Si2,"[63, 1.0, 13, 2.0, 14, 2.0]"
Gd1Al2Si2,"[64, 1.0, 13, 2.0, 14, 2.0]"
Tb1Al2Si2,"[65, 1.0, 13, 2.0, 14, 2.0]"
Dy1Al2Si2,"[66, 1.0, 13, 2.0, 14, 2.0]"
Al2Fe3Si3,"[13, 2.0, 26, 3.0, 14, 3.0]"
Al21Pd8,"[13, 21.0, 46, 8.0]"
Ca3Al2P4,"[20, 3.0, 13, 2.0, 15, 4.0]"
Sr3Al2P4,"[38, 3.0, 13, 2.0, 15, 4.0]"
Ba3Al2P4,"[56, 3.0, 13, 2.0, 15, 4.0]"
Eu3Al2P4,"[63, 3.0, 13, 2.0, 15, 4.0]"
Al2Ag2Bi2S3Cl8,"[13, 2.0, 47, 2.0, 83, 2.0, 16, 3.0, 17, 8.0]"
Ca1Al2S4,"[20, 1.0, 13, 2.0, 16, 4.0]"
Mn1Al2S4,"[25, 1.0, 13, 2.0, 16, 4.0]"
Al2Zn1S4,"[13, 2.0, 30, 1.0, 16, 4.0]"
Sr1Al2S4,"[38, 1.0, 13, 2.0, 16, 4.0]"
Al2Cd1S4,"[13, 2.0, 48, 1.0, 16, 4.0]"
Ba1Al2S4,"[56, 1.0, 13, 2.0, 16, 4.0]"
Eu1Al2S4,"[63, 1.0, 13, 2.0, 16, 4.0]"
Al2Hg1S4,"[13, 2.0, 80, 1.0, 16, 4.0]"
Al2Pb1S4,"[13, 2.0, 82, 1.0, 16, 4.0]"
Al2Bi1S4,"[13, 2.0, 83, 1.0, 16, 4.0]"
Rb4Al2S5,"[37, 4.0, 13, 2.0, 16, 5.0]"
Ca1Al2Cl8,"[20, 1.0, 13, 2.0, 17, 8.0]"
Al2V1Cl8,"[13, 2.0, 23, 1.0, 17, 8.0]"
Nb1Al2Se2Cl8,"[41, 1.0, 13, 2.0, 34, 2.0, 17, 8.0]"
Sr1Al2Cl8,"[38, 1.0, 13, 2.0, 17, 8.0]"
Al2Cd1Cl8,"[13, 2.0, 48, 1.0, 17, 8.0]"
Ba1Al2Cl8,"[56, 1.0, 13, 2.0, 17, 8.0]"
Eu1Al2Cl8,"[63, 1.0, 13, 2.0, 17, 8.0]"
Al21Pt8,"[13, 21.0, 78, 8.0]"
Al2Hg3Cl8,"[13, 2.0, 80, 3.0, 17, 8.0]"
K1Al2Br7,"[19, 1.0, 13, 2.0, 35, 7.0]"
K2Al2Sb3,"[19, 2.0, 13, 2.0, 51, 3.0]"
K3Al2As3,"[19, 3.0, 13, 2.0, 33, 3.0]"
Ca1Al2,"[20, 1.0, 13, 2.0]"
Ca1Al2Zn2,"[20, 1.0, 13, 2.0, 30, 2.0]"
Ca1Al2Ga2,"[20, 1.0, 13, 2.0, 31, 2.0]"
Ca1Al2Ge2,"[20, 1.0, 13, 2.0, 32, 2.0]"
Ca3Al2Ge2,"[20, 3.0, 13, 2.0, 32, 2.0]"
Ca3Al2Ge3,"[20, 3.0, 13, 2.0, 32, 3.0]"
Ca3Al2As4,"[20, 3.0, 13, 2.0, 33, 4.0]"
Ca5Al2Sb6,"[20, 5.0, 13, 2.0, 51, 6.0]"
Sc1Al2,"[21, 1.0, 13, 2.0]"
Sc11Al2Ge8,"[21, 11.0, 13, 2.0, 32, 8.0]"
Sc1Al2Ni1,"[21, 1.0, 13, 2.0, 28, 1.0]"
Ti1Al2,"[22, 1.0, 13, 2.0]"
Ti3Nb1Al2,"[22, 3.0, 41, 1.0, 13, 2.0]"
Mn1Al2Te4,"[25, 1.0, 13, 2.0, 52, 4.0]"
Y1Al2Co1,"[39, 1.0, 13, 2.0, 27, 1.0]"
Zr6Al2Co1,"[40, 6.0, 13, 2.0, 27, 1.0]"
Gd5Al2Co2,"[64, 5.0, 13, 2.0, 27, 2.0]"
Y1Al2Ni1,"[39, 1.0, 13, 2.0, 28, 1.0]"
Pr1Al2Ni1,"[59, 1.0, 13, 2.0, 28, 1.0]"
Nd1Al2Ni1,"[60, 1.0, 13, 2.0, 28, 1.0]"
Sm1Al2Ni1,"[62, 1.0, 13, 2.0, 28, 1.0]"
Gd1Al2Ni1,"[64, 1.0, 13, 2.0, 28, 1.0]"
Tb1Al2Ni1,"[65, 1.0, 13, 2.0, 28, 1.0]"
Dy1Al2Ni1,"[66, 1.0, 13, 2.0, 28, 1.0]"
Ho1Al2Ni1,"[67, 1.0, 13, 2.0, 28, 1.0]"
Er1Al2Ni1,"[68, 1.0, 13, 2.0, 28, 1.0]"
Tm1Al2Ni1,"[69, 1.0, 13, 2.0, 28, 1.0]"
Lu1Al2Ni1,"[71, 1.0, 13, 2.0, 28, 1.0]"
Hf6Al2Ni1,"[72, 6.0, 13, 2.0, 28, 1.0]"
Y3Al2Ni6,"[39, 3.0, 13, 2.0, 28, 6.0]"
Sm3Al2Ni6,"[62, 3.0, 13, 2.0, 28, 6.0]"
Gd3Al2Ni6,"[64, 3.0, 13, 2.0, 28, 6.0]"
Tb3Al2Ni6,"[65, 3.0, 13, 2.0, 28, 6.0]"
Dy3Al2Ni6,"[66, 3.0, 13, 2.0, 28, 6.0]"
Ho3Al2Ni6,"[67, 3.0, 13, 2.0, 28, 6.0]"
Er3Al2Ni6,"[68, 3.0, 13, 2.0, 28, 6.0]"
Tm3Al2Ni6,"[69, 3.0, 13, 2.0, 28, 6.0]"
Al2Cu1Ir1,"[13, 2.0, 29, 1.0, 77, 1.0]"
Al2Zn1Se4,"[13, 2.0, 30, 1.0, 34, 4.0]"
Al2Zn1Te4,"[13, 2.0, 30, 1.0, 52, 4.0]"
La1Al2Zn2,"[57, 1.0, 13, 2.0, 30, 2.0]"
Ce1Al2Zn2,"[58, 1.0, 13, 2.0, 30, 2.0]"
Pr1Al2Zn2,"[59, 1.0, 13, 2.0, 30, 2.0]"
Sm1Al2Zn2,"[62, 1.0, 13, 2.0, 30, 2.0]"
Al2Zn39Pd9,"[13, 2.0, 30, 39.0, 46, 9.0]"
Sr1Al2Ga2,"[38, 1.0, 13, 2.0, 31, 2.0]"
Ba1Al2Ga2,"[56, 1.0, 13, 2.0, 31, 2.0]"
La1Al2Ga2,"[57, 1.0, 13, 2.0, 31, 2.0]"
Ce1Al2Ga2,"[58, 1.0, 13, 2.0, 31, 2.0]"
Pr1Al2Ga2,"[59, 1.0, 13, 2.0, 31, 2.0]"
Nd1Al2Ga2,"[60, 1.0, 13, 2.0, 31, 2.0]"
Eu1Al2Ga2,"[63, 1.0, 13, 2.0, 31, 2.0]"
La2Al2Ge1,"[57, 2.0, 13, 2.0, 32, 1.0]"
Eu1Al2Ge1,"[63, 1.0, 13, 2.0, 32, 1.0]"
Sr1Al2Ge2,"[38, 1.0, 13, 2.0, 32, 2.0]"
Sr3Al2Ge2,"[38, 3.0, 13, 2.0, 32, 2.0]"
Y1Al2Ge2,"[39, 1.0, 13, 2.0, 32, 2.0]"
Ba1Al2Ge2,"[56, 1.0, 13, 2.0, 32, 2.0]"
Ba3Al2Ge2,"[56, 3.0, 13, 2.0, 32, 2.0]"
La1Al2Ge2,"[57, 1.0, 13, 2.0, 32, 2.0]"
Pr1Al2Ge2,"[59, 1.0, 13, 2.0, 32, 2.0]"
Nd1Al2Ge2,"[60, 1.0, 13, 2.0, 32, 2.0]"
Sm1Al2Ge2,"[62, 1.0, 13, 2.0, 32, 2.0]"
Eu1Al2Ge2,"[63, 1.0, 13, 2.0, 32, 2.0]"
Tb1Al2Ge2,"[65, 1.0, 13, 2.0, 32, 2.0]"
Dy1Al2Ge2,"[66, 1.0, 13, 2.0, 32, 2.0]"
Ho1Al2Ge2,"[67, 1.0, 13, 2.0, 32, 2.0]"
Er1Al2Ge2,"[68, 1.0, 13, 2.0, 32, 2.0]"
Tm1Al2Ge2,"[69, 1.0, 13, 2.0, 32, 2.0]"
Sr3Al2Ge4,"[38, 3.0, 13, 2.0, 32, 4.0]"
Ba5Al2Ge7,"[56, 5.0, 13, 2.0, 32, 7.0]"
Y4Al23Ni6,"[39, 4.0, 13, 23.0, 28, 6.0]"
Ce4Al23Ni6,"[58, 4.0, 13, 23.0, 28, 6.0]"
Sm4Al23Ni6,"[62, 4.0, 13, 23.0, 28, 6.0]"
Er11Al2Ge8,"[68, 11.0, 13, 2.0, 32, 8.0]"
Sr3Al2As4,"[38, 3.0, 13, 2.0, 33, 4.0]"
Ba3Al2As4,"[56, 3.0, 13, 2.0, 33, 4.0]"
Eu3Al2As4,"[63, 3.0, 13, 2.0, 33, 4.0]"
Al2Se3,"[13, 2.0, 34, 3.0]"
Sr1Al2Se4,"[38, 1.0, 13, 2.0, 34, 4.0]"
Al2Cd1Se4,"[13, 2.0, 48, 1.0, 34, 4.0]"
Eu1Al2Se4,"[63, 1.0, 13, 2.0, 34, 4.0]"
Al2Hg1Se4,"[13, 2.0, 80, 1.0, 34, 4.0]"
Al2Bi1Se4,"[13, 2.0, 83, 1.0, 34, 4.0]"
Al2Sb5Se6Br9,"[13, 2.0, 51, 5.0, 34, 6.0, 35, 9.0]"
Al2Cd1Br8,"[13, 2.0, 48, 1.0, 35, 8.0]"
Sr1Al2,"[38, 1.0, 13, 2.0]"
Sr1Al2Au2,"[38, 1.0, 13, 2.0, 79, 2.0]"
Sr1Al2Au3,"[38, 1.0, 13, 2.0, 79, 3.0]"
Sr3Al2Sn2,"[38, 3.0, 13, 2.0, 50, 2.0]"
Sr5Al2Sb6,"[38, 5.0, 13, 2.0, 51, 6.0]"
Y1Al2,"[39, 1.0, 13, 2.0]"
Y1Al2Pd5,"[39, 1.0, 13, 2.0, 46, 5.0]"
Zr1Al2,"[40, 1.0, 13, 2.0]"
Al2Ru1,"[13, 2.0, 44, 1.0]"
La5Al2Ru3,"[57, 5.0, 13, 2.0, 44, 3.0]"
Pr5Al2Ru3,"[59, 5.0, 13, 2.0, 44, 3.0]"
Tb4Al24Pd9,"[65, 4.0, 13, 24.0, 46, 9.0]"
Dy4Al24Pd9,"[66, 4.0, 13, 24.0, 46, 9.0]"
Ho4Al24Pd9,"[67, 4.0, 13, 24.0, 46, 9.0]"
Er4Al24Pd9,"[68, 4.0, 13, 24.0, 46, 9.0]"
Tm4Al24Pd9,"[69, 4.0, 13, 24.0, 46, 9.0]"
La1Al2Pd2,"[57, 1.0, 13, 2.0, 46, 2.0]"
Tb4Al24Pt9,"[65, 4.0, 13, 24.0, 78, 9.0]"
Ce1Al2Pd5,"[58, 1.0, 13, 2.0, 46, 5.0]"
Lu1Al2Pd5,"[71, 1.0, 13, 2.0, 46, 5.0]"
Dy4Al24Pt9,"[66, 4.0, 13, 24.0, 78, 9.0]"
Ho4Al24Pt9,"[67, 4.0, 13, 24.0, 78, 9.0]"
Er4Al24Pt9,"[68, 4.0, 13, 24.0, 78, 9.0]"
Tm4Al24Pt9,"[69, 4.0, 13, 24.0, 78, 9.0]"
Lu4Al24Pt9,"[71, 4.0, 13, 24.0, 78, 9.0]"
Pr1Al2Ag1,"[59, 1.0, 13, 2.0, 47, 1.0]"
Al2Cd1Te4,"[13, 2.0, 48, 1.0, 52, 4.0]"
Ba3Al2Sn2,"[56, 3.0, 13, 2.0, 50, 2.0]"
Al2Te3,"[13, 2.0, 52, 3.0]"
Ba1Al2Te4,"[56, 1.0, 13, 2.0, 52, 4.0]"
Al2Hg1Te4,"[13, 2.0, 80, 1.0, 52, 4.0]"
Al2Te5,"[13, 2.0, 52, 5.0]"
La2Al2I1,"[57, 2.0, 13, 2.0, 53, 1.0]"
La1Al2,"[57, 1.0, 13, 2.0]"
Ce1Al2,"[58, 1.0, 13, 2.0]"
Ce1Al2Au2,"[58, 1.0, 13, 2.0, 79, 2.0]"
Pr1Al2,"[59, 1.0, 13, 2.0]"
Pr1Al2Au2,"[59, 1.0, 13, 2.0, 79, 2.0]"
Nd1Al2,"[60, 1.0, 13, 2.0]"
Nd1Al2Au2,"[60, 1.0, 13, 2.0, 79, 2.0]"
Sm1Al2,"[62, 1.0, 13, 2.0]"
Sm1Al2Au2,"[62, 1.0, 13, 2.0, 79, 2.0]"
Eu1Al2,"[63, 1.0, 13, 2.0]"
Eu1Al2Au2,"[63, 1.0, 13, 2.0, 79, 2.0]"
Gd1Al2,"[64, 1.0, 13, 2.0]"
Tb1Al2,"[65, 1.0, 13, 2.0]"
Tb1Al2Au2,"[65, 1.0, 13, 2.0, 79, 2.0]"
Dy1Al2,"[66, 1.0, 13, 2.0]"
Ho1Al2,"[67, 1.0, 13, 2.0]"
Er1Al2,"[68, 1.0, 13, 2.0]"
Tm1Al2,"[69, 1.0, 13, 2.0]"
Tm3Al2,"[69, 3.0, 13, 2.0]"
Lu1Al2,"[71, 1.0, 13, 2.0]"
Lu3Al2,"[71, 3.0, 13, 2.0]"
Hf1Al2,"[72, 1.0, 13, 2.0]"
Hf6Al2Pt1,"[72, 6.0, 13, 2.0, 78, 1.0]"
Al2Os1,"[13, 2.0, 76, 1.0]"
Al2Pt1,"[13, 2.0, 78, 1.0]"
Al2Au1,"[13, 2.0, 79, 1.0]"
Th1Al2Au2,"[90, 1.0, 13, 2.0, 79, 2.0]"
Th1Al2,"[90, 1.0, 13, 2.0]"
U1Al2,"[92, 1.0, 13, 2.0]"
Np1Al2,"[93, 1.0, 13, 2.0]"
Pu1Al2,"[94, 1.0, 13, 2.0]"
Y2Al3Si2,"[39, 2.0, 13, 3.0, 14, 2.0]"
Tb2Al3Si2,"[65, 2.0, 13, 3.0, 14, 2.0]"
Dy2Al3Si2,"[66, 2.0, 13, 3.0, 14, 2.0]"
Ho2Al3Si2,"[67, 2.0, 13, 3.0, 14, 2.0]"
Er2Al3Si2,"[68, 2.0, 13, 3.0, 14, 2.0]"
Tm2Al3Si2,"[69, 2.0, 13, 3.0, 14, 2.0]"
Ba3Al3P5,"[56, 3.0, 13, 3.0, 15, 5.0]"
Ho1Al3Cl12,"[67, 1.0, 13, 3.0, 17, 12.0]"
Ca8Al3,"[20, 8.0, 13, 3.0]"
Sc1Al3,"[21, 1.0, 13, 3.0]"
Sc2Al3Ru1,"[21, 2.0, 13, 3.0, 44, 1.0]"
Ti1Al3,"[22, 1.0, 13, 3.0]"
Al3V1,"[13, 3.0, 23, 1.0]"
Er3Al3Co1Ge2,"[68, 3.0, 13, 3.0, 27, 1.0, 32, 2.0]"
Er2Al3Co1,"[68, 2.0, 13, 3.0, 27, 1.0]"
Lu2Al3Co1,"[71, 2.0, 13, 3.0, 27, 1.0]"
Al3Ni1,"[13, 3.0, 28, 1.0]"
Y3Al3Ni1Ge2,"[39, 3.0, 13, 3.0, 28, 1.0, 32, 2.0]"
Er3Al3Ni1Ge2,"[68, 3.0, 13, 3.0, 28, 1.0, 32, 2.0]"
Y1Al3Ni1,"[39, 1.0, 13, 3.0, 28, 1.0]"
Sm1Al3Ni1,"[62, 1.0, 13, 3.0, 28, 1.0]"
Al3Ni2,"[13, 3.0, 28, 2.0]"
Y1Al3Ni2,"[39, 1.0, 13, 3.0, 28, 2.0]"
La1Al3Ni2,"[57, 1.0, 13, 3.0, 28, 2.0]"
La5Al3Ni2,"[57, 5.0, 13, 3.0, 28, 2.0]"
Ce1Al3Ni2,"[58, 1.0, 13, 3.0, 28, 2.0]"
Nd1Al3Ni2,"[60, 1.0, 13, 3.0, 28, 2.0]"
Sm1Al3Ni2,"[62, 1.0, 13, 3.0, 28, 2.0]"
Gd1Al3Ni2,"[64, 1.0, 13, 3.0, 28, 2.0]"
Tb1Al3Ni2,"[65, 1.0, 13, 3.0, 28, 2.0]"
Dy1Al3Ni2,"[66, 1.0, 13, 3.0, 28, 2.0]"
Ho1Al3Ni2,"[67, 1.0, 13, 3.0, 28, 2.0]"
Er1Al3Ni2,"[68, 1.0, 13, 3.0, 28, 2.0]"
Tm1Al3Ni2,"[69, 1.0, 13, 3.0, 28, 2.0]"
Lu1Al3Ni2,"[71, 1.0, 13, 3.0, 28, 2.0]"
Th1Al3Ni2,"[90, 1.0, 13, 3.0, 28, 2.0]"
Er5Al3Ni3Ge4,"[68, 5.0, 13, 3.0, 28, 3.0, 32, 4.0]"
Al3Ni5,"[13, 3.0, 28, 5.0]"
La1Al3Cu1,"[57, 1.0, 13, 3.0, 29, 1.0]"
Ce1Al3Cu1,"[58, 1.0, 13, 3.0, 29, 1.0]"
Pr1Al3Cu1,"[59, 1.0, 13, 3.0, 29, 1.0]"
Nd1Al3Cu1,"[60, 1.0, 13, 3.0, 29, 1.0]"
Gd1Al3Cu1,"[64, 1.0, 13, 3.0, 29, 1.0]"
Eu1Al3Cu2,"[63, 1.0, 13, 3.0, 29, 2.0]"
Tb1Al3Cu2,"[65, 1.0, 13, 3.0, 29, 2.0]"
Ba3Al3Ga2,"[56, 3.0, 13, 3.0, 31, 2.0]"
Ce2Al3Ge4,"[58, 2.0, 13, 3.0, 32, 4.0]"
Ba3Al3As5,"[56, 3.0, 13, 3.0, 33, 5.0]"
La1Al3Br12,"[57, 1.0, 13, 3.0, 35, 12.0]"
Ce1Al3Br12,"[58, 1.0, 13, 3.0, 35, 12.0]"
Pr1Al3Br12,"[59, 1.0, 13, 3.0, 35, 12.0]"
Nd1Al3Br12,"[60, 1.0, 13, 3.0, 35, 12.0]"
Sm1Al3Br12,"[62, 1.0, 13, 3.0, 35, 12.0]"
Y1Al3,"[39, 1.0, 13, 3.0]"
Zr1Al3,"[40, 1.0, 13, 3.0]"
Zr4Al3,"[40, 4.0, 13, 3.0]"
Nb1Al3,"[41, 1.0, 13, 3.0]"
Al3Ru2,"[13, 3.0, 44, 2.0]"
Al3Pd2,"[13, 3.0, 46, 2.0]"
La1Al3Pd2,"[57, 1.0, 13, 3.0, 46, 2.0]"
Ce1Al3Pd2,"[58, 1.0, 13, 3.0, 46, 2.0]"
Nd1Al3Pd2,"[60, 1.0, 13, 3.0, 46, 2.0]"
Sm1Al3Pd2,"[62, 1.0, 13, 3.0, 46, 2.0]"
Eu1Al3Pd2,"[63, 1.0, 13, 3.0, 46, 2.0]"
Gd1Al3Pd2,"[64, 1.0, 13, 3.0, 46, 2.0]"
Al3Pd5,"[13, 3.0, 46, 5.0]"
La1Al3,"[57, 1.0, 13, 3.0]"
La1Al3Au1,"[57, 1.0, 13, 3.0, 79, 1.0]"
Ce1Al3,"[58, 1.0, 13, 3.0]"
Ce1Al3Au1,"[58, 1.0, 13, 3.0, 79, 1.0]"
Pr1Al3,"[59, 1.0, 13, 3.0]"
Nd1Al3,"[60, 1.0, 13, 3.0]"
Sm1Al3,"[62, 1.0, 13, 3.0]"
Eu2Al3Au6,"[63, 2.0, 13, 3.0, 79, 6.0]"
Lu1Al3,"[71, 1.0, 13, 3.0]"
Hf1Al3,"[72, 1.0, 13, 3.0]"
Hf4Al3,"[72, 4.0, 13, 3.0]"
Ta1Al3,"[73, 1.0, 13, 3.0]"
Al3Ir1,"[13, 3.0, 77, 1.0]"
Al3Pt2,"[13, 3.0, 78, 2.0]"
Al3Pt5,"[13, 3.0, 78, 5.0]"
Th1Al3,"[90, 1.0, 13, 3.0]"
U1Al3,"[92, 1.0, 13, 3.0]"
Tb6Al39Cr8,"[65, 6.0, 13, 39.0, 24, 8.0]"
Ba21Al40,"[56, 21.0, 13, 40.0]"
Ce1Al4Si2Rh1,"[58, 1.0, 13, 4.0, 14, 2.0, 45, 1.0]"
Ce1Al4Si2Ir1,"[58, 1.0, 13, 4.0, 14, 2.0, 77, 1.0]"
Th2Al4Si2Au3,"[90, 2.0, 13, 4.0, 14, 2.0, 79, 3.0]"
Ba1Al4S7,"[56, 1.0, 13, 4.0, 16, 7.0]"
Ca1Al4,"[20, 1.0, 13, 4.0]"
Gd2Al4Co1Ge2,"[64, 2.0, 13, 4.0, 27, 1.0, 32, 2.0]"
Er2Al4Co1Ge2,"[68, 2.0, 13, 4.0, 27, 1.0, 32, 2.0]"
La1Al4Co1,"[57, 1.0, 13, 4.0, 27, 1.0]"
Ce1Al4Co1,"[58, 1.0, 13, 4.0, 27, 1.0]"
Nd1Al4Co1,"[60, 1.0, 13, 4.0, 27, 1.0]"
Tb2Al4Ni1Ge2,"[65, 2.0, 13, 4.0, 28, 1.0, 32, 2.0]"
Er2Al4Ni1Ge2,"[68, 2.0, 13, 4.0, 28, 1.0, 32, 2.0]"
Y1Al4Ni1,"[39, 1.0, 13, 4.0, 28, 1.0]"
Ce1Al4Ni1,"[58, 1.0, 13, 4.0, 28, 1.0]"
Pr1Al4Ni1,"[59, 1.0, 13, 4.0, 28, 1.0]"
Nd1Al4Ni1,"[60, 1.0, 13, 4.0, 28, 1.0]"
Sm1Al4Ni1,"[62, 1.0, 13, 4.0, 28, 1.0]"
Gd1Al4Ni1,"[64, 1.0, 13, 4.0, 28, 1.0]"
Tb1Al4Ni1,"[65, 1.0, 13, 4.0, 28, 1.0]"
Dy1Al4Ni1,"[66, 1.0, 13, 4.0, 28, 1.0]"
Ho1Al4Ni1,"[67, 1.0, 13, 4.0, 28, 1.0]"
Er1Al4Ni1,"[68, 1.0, 13, 4.0, 28, 1.0]"
Tm1Al4Ni1,"[69, 1.0, 13, 4.0, 28, 1.0]"
Lu1Al4Ni1,"[71, 1.0, 13, 4.0, 28, 1.0]"
Al4Ni3,"[13, 4.0, 28, 3.0]"
Al4Cu9,"[13, 4.0, 29, 9.0]"
Ca6Al43W4,"[20, 6.0, 13, 43.0, 74, 4.0]"
Y6Ti4Al43,"[39, 6.0, 22, 4.0, 13, 43.0]"
Nd6Ti4Al43,"[60, 6.0, 22, 4.0, 13, 43.0]"
Sm6Ti4Al43,"[62, 6.0, 22, 4.0, 13, 43.0]"
Tb6Ti4Al43,"[65, 6.0, 22, 4.0, 13, 43.0]"
Dy6Ti4Al43,"[66, 6.0, 22, 4.0, 13, 43.0]"
Ho6Ti4Al43,"[67, 6.0, 22, 4.0, 13, 43.0]"
Er6Ti4Al43,"[68, 6.0, 22, 4.0, 13, 43.0]"
Tm6Ti4Al43,"[69, 6.0, 22, 4.0, 13, 43.0]"
Lu6Ti4Al43,"[71, 6.0, 22, 4.0, 13, 43.0]"
Nd6Al43V4,"[60, 6.0, 13, 43.0, 23, 4.0]"
Sm6Al43V4,"[62, 6.0, 13, 43.0, 23, 4.0]"
Tb6Al43V4,"[65, 6.0, 13, 43.0, 23, 4.0]"
Dy6Al43V4,"[66, 6.0, 13, 43.0, 23, 4.0]"
Ho6Al43V4,"[67, 6.0, 13, 43.0, 23, 4.0]"
Er6Al43V4,"[68, 6.0, 13, 43.0, 23, 4.0]"
Tm6Al43V4,"[69, 6.0, 13, 43.0, 23, 4.0]"
Lu6Al43V4,"[71, 6.0, 13, 43.0, 23, 4.0]"
Y6Al43Cr4,"[39, 6.0, 13, 43.0, 24, 4.0]"
Sm6Al43Cr4,"[62, 6.0, 13, 43.0, 24, 4.0]"
Tb6Al43Cr4,"[65, 6.0, 13, 43.0, 24, 4.0]"
Dy6Al43Cr4,"[66, 6.0, 13, 43.0, 24, 4.0]"
Ho6Al43Cr4,"[67, 6.0, 13, 43.0, 24, 4.0]"
Er6Al43Cr4,"[68, 6.0, 13, 43.0, 24, 4.0]"
Tm6Al43Cr4,"[69, 6.0, 13, 43.0, 24, 4.0]"
U6Al43Cr4,"[92, 6.0, 13, 43.0, 24, 4.0]"
Ba7Al4Ge9,"[56, 7.0, 13, 4.0, 32, 9.0]"
Y6Ta4Al43,"[39, 6.0, 73, 4.0, 13, 43.0]"
Y6Al43W4,"[39, 6.0, 13, 43.0, 74, 4.0]"
Sm6Nb4Al43,"[62, 6.0, 41, 4.0, 13, 43.0]"
Tm6Nb4Al43,"[69, 6.0, 41, 4.0, 13, 43.0]"
Lu6Nb4Al43,"[71, 6.0, 41, 4.0, 13, 43.0]"
U6Nb4Al43,"[92, 6.0, 41, 4.0, 13, 43.0]"
Nd6Al43Mo4,"[60, 6.0, 13, 43.0, 42, 4.0]"
Sm6Al43Mo4,"[62, 6.0, 13, 43.0, 42, 4.0]"
Tb6Al43Mo4,"[65, 6.0, 13, 43.0, 42, 4.0]"
Dy6Al43Mo4,"[66, 6.0, 13, 43.0, 42, 4.0]"
Ho6Al43Mo4,"[67, 6.0, 13, 43.0, 42, 4.0]"
Er6Al43Mo4,"[68, 6.0, 13, 43.0, 42, 4.0]"
Tm6Al43Mo4,"[69, 6.0, 13, 43.0, 42, 4.0]"
Lu6Al43Mo4,"[71, 6.0, 13, 43.0, 42, 4.0]"
Th6Al43Mo4,"[90, 6.0, 13, 43.0, 42, 4.0]"
U6Al43Mo4,"[92, 6.0, 13, 43.0, 42, 4.0]"
La5Al4Br4,"[57, 5.0, 13, 4.0, 35, 4.0]"
Sm6Ta4Al43,"[62, 6.0, 73, 4.0, 13, 43.0]"
Sm6Al43W4,"[62, 6.0, 13, 43.0, 74, 4.0]"
Tb6Ta4Al43,"[65, 6.0, 73, 4.0, 13, 43.0]"
Dy6Ta4Al43,"[66, 6.0, 73, 4.0, 13, 43.0]"
Dy6Al43W4,"[66, 6.0, 13, 43.0, 74, 4.0]"
Ho6Ta4Al43,"[67, 6.0, 73, 4.0, 13, 43.0]"
Ho6Al43W4,"[67, 6.0, 13, 43.0, 74, 4.0]"
Er6Ta4Al43,"[68, 6.0, 73, 4.0, 13, 43.0]"
Er6Al43W4,"[68, 6.0, 13, 43.0, 74, 4.0]"
Tm6Ta4Al43,"[69, 6.0, 73, 4.0, 13, 43.0]"
Tm6Al43W4,"[69, 6.0, 13, 43.0, 74, 4.0]"
Lu6Ta4Al43,"[71, 6.0, 73, 4.0, 13, 43.0]"
Lu6Al43W4,"[71, 6.0, 13, 43.0, 74, 4.0]"
U6Ta4Al43,"[92, 6.0, 73, 4.0, 13, 43.0]"
U6Al43W4,"[92, 6.0, 13, 43.0, 74, 4.0]"
Sr1Al4,"[38, 1.0, 13, 4.0]"
Al4Tc1,"[13, 4.0, 43, 1.0]"
Ce1Al4Pd1,"[58, 1.0, 13, 4.0, 46, 1.0]"
Ba7Al4Sb9,"[56, 7.0, 13, 4.0, 51, 9.0]"
Al45Cr7,"[13, 45.0, 24, 7.0]"
Ba1Al4,"[56, 1.0, 13, 4.0]"
Ba3Al4Pt4,"[56, 3.0, 13, 4.0, 78, 4.0]"
Eu1Al4,"[63, 1.0, 13, 4.0]"
Np1Al4,"[93, 1.0, 13, 4.0]"
Pu1Al4,"[94, 1.0, 13, 4.0]"
La6Al5Fe9,"[57, 6.0, 13, 5.0, 26, 9.0]"
Nd6Al5Fe9,"[60, 6.0, 13, 5.0, 26, 9.0]"
Al5Co2,"[13, 5.0, 27, 2.0]"
Zr1Al5Ni2,"[40, 1.0, 13, 5.0, 28, 2.0]"
La1Al5Ni2,"[57, 1.0, 13, 5.0, 28, 2.0]"
Ce1Al5Ni2,"[58, 1.0, 13, 5.0, 28, 2.0]"
Pr1Al5Ni2,"[59, 1.0, 13, 5.0, 28, 2.0]"
U1Al5Cu6,"[92, 1.0, 13, 5.0, 29, 6.0]"
La4Al5Br2,"[57, 4.0, 13, 5.0, 35, 2.0]"
La10Al5Br4,"[57, 10.0, 13, 5.0, 35, 4.0]"
Sr2Al5Pd4,"[38, 2.0, 13, 5.0, 46, 4.0]"
Al5Mo1,"[13, 5.0, 42, 1.0]"
Al5Rh2,"[13, 5.0, 45, 2.0]"
Ba1Al1B4H3O10,"[56, 1.0, 13, 1.0, 5, 4.0, 1, 3.0, 8, 10.0]"
Ba5Al5Sn1,"[56, 5.0, 13, 5.0, 50, 1.0]"
Ba4Al5,"[56, 4.0, 13, 5.0]"
Ba5Al5Pb1,"[56, 5.0, 13, 5.0, 82, 1.0]"
Ce1Al5Pt3,"[58, 1.0, 13, 5.0, 78, 3.0]"
Mn14Al56Ge3,"[25, 14.0, 13, 56.0, 32, 3.0]"
Al5W1,"[13, 5.0, 74, 1.0]"
Mn1Al6,"[25, 1.0, 13, 6.0]"
Al6Ru1,"[13, 6.0, 44, 1.0]"
Ce1Al6Pd1,"[58, 1.0, 13, 6.0, 46, 1.0]"
Ce3Al6Pt4,"[58, 3.0, 13, 6.0, 78, 4.0]"
Al1H3N1Cl3,"[13, 1.0, 1, 3.0, 7, 1.0, 17, 3.0]"
Y12Al7Si1,"[39, 12.0, 13, 7.0, 14, 1.0]"
Tm12Al7Si1,"[69, 12.0, 13, 7.0, 14, 1.0]"
Sc3Mn3Al7Si5,"[21, 3.0, 25, 3.0, 13, 7.0, 14, 5.0]"
Al7Tl3S12,"[13, 7.0, 81, 3.0, 16, 12.0]"
Ca3Al7Cu2,"[20, 3.0, 13, 7.0, 29, 2.0]"
Ca3Al7Ag2,"[20, 3.0, 13, 7.0, 47, 2.0]"
Al7Fe1Cu2,"[13, 7.0, 26, 1.0, 29, 2.0]"
Sm7Al7Co6,"[62, 7.0, 13, 7.0, 27, 6.0]"
Zr6Al7Cu16,"[40, 6.0, 13, 7.0, 29, 16.0]"
Dy6Al7Cu16,"[66, 6.0, 13, 7.0, 29, 16.0]"
Ho6Al7Cu16,"[67, 6.0, 13, 7.0, 29, 16.0]"
Er6Al7Cu16,"[68, 6.0, 13, 7.0, 29, 16.0]"
Tm6Al7Cu16,"[69, 6.0, 13, 7.0, 29, 16.0]"
Gd3Al7Ag2,"[64, 3.0, 13, 7.0, 47, 2.0]"
Pr1Al7Au3,"[59, 1.0, 13, 7.0, 79, 3.0]"
Nd1Al7Au3,"[60, 1.0, 13, 7.0, 79, 3.0]"
Sm1Al7Au3,"[62, 1.0, 13, 7.0, 79, 3.0]"
Gd1Al7Au3,"[64, 1.0, 13, 7.0, 79, 3.0]"
Tb1Al7Au3,"[65, 1.0, 13, 7.0, 79, 3.0]"
Dy1Al7Au3,"[66, 1.0, 13, 7.0, 79, 3.0]"
Ho1Al7Au3,"[67, 1.0, 13, 7.0, 79, 3.0]"
Er1Al7Au3,"[68, 1.0, 13, 7.0, 79, 3.0]"
Tm1Al7Au3,"[69, 1.0, 13, 7.0, 79, 3.0]"
Lu1Al7Au3,"[71, 1.0, 13, 7.0, 79, 3.0]"
Sm1Al8Si1Au4,"[62, 1.0, 13, 8.0, 14, 1.0, 79, 4.0]"
U6Al8Fe5Si9,"[92, 6.0, 13, 8.0, 26, 5.0, 14, 9.0]"
Ca1Al8Fe4,"[20, 1.0, 13, 8.0, 26, 4.0]"
Ca1Al8Co2,"[20, 1.0, 13, 8.0, 27, 2.0]"
Ca1Al8Cu4,"[20, 1.0, 13, 8.0, 29, 4.0]"
Sc1Mn4Al8,"[21, 1.0, 25, 4.0, 13, 8.0]"
Sc1Al8Fe4,"[21, 1.0, 13, 8.0, 26, 4.0]"
Y1Mn4Al8,"[39, 1.0, 25, 4.0, 13, 8.0]"
Ce1Mn4Al8,"[58, 1.0, 25, 4.0, 13, 8.0]"
Tb1Mn4Al8,"[65, 1.0, 25, 4.0, 13, 8.0]"
Dy1Mn4Al8,"[66, 1.0, 25, 4.0, 13, 8.0]"
Ho1Mn4Al8,"[67, 1.0, 25, 4.0, 13, 8.0]"
Er1Mn4Al8,"[68, 1.0, 25, 4.0, 13, 8.0]"
Tm1Mn4Al8,"[69, 1.0, 25, 4.0, 13, 8.0]"
Lu1Mn4Al8,"[71, 1.0, 25, 4.0, 13, 8.0]"
La1Al8Fe2,"[57, 1.0, 13, 8.0, 26, 2.0]"
Ce1Al8Fe2,"[58, 1.0, 13, 8.0, 26, 2.0]"
Pr1Al8Fe2,"[59, 1.0, 13, 8.0, 26, 2.0]"
Eu1Al8Fe2,"[63, 1.0, 13, 8.0, 26, 2.0]"
Y1Al8Fe4,"[39, 1.0, 13, 8.0, 26, 4.0]"
Zr1Al8Fe4,"[40, 1.0, 13, 8.0, 26, 4.0]"
La1Al8Fe4,"[57, 1.0, 13, 8.0, 26, 4.0]"
Ce1Al8Fe4,"[58, 1.0, 13, 8.0, 26, 4.0]"
Pr1Al8Fe4,"[59, 1.0, 13, 8.0, 26, 4.0]"
Nd1Al8Fe4,"[60, 1.0, 13, 8.0, 26, 4.0]"
Sm1Al8Fe4,"[62, 1.0, 13, 8.0, 26, 4.0]"
Eu1Al8Fe4,"[63, 1.0, 13, 8.0, 26, 4.0]"
Gd1Al8Fe4,"[64, 1.0, 13, 8.0, 26, 4.0]"
Tb1Al8Fe4,"[65, 1.0, 13, 8.0, 26, 4.0]"
Dy1Al8Fe4,"[66, 1.0, 13, 8.0, 26, 4.0]"
Ho1Al8Fe4,"[67, 1.0, 13, 8.0, 26, 4.0]"
Er1Al8Fe4,"[68, 1.0, 13, 8.0, 26, 4.0]"
Tm1Al8Fe4,"[69, 1.0, 13, 8.0, 26, 4.0]"
Lu1Al8Fe4,"[71, 1.0, 13, 8.0, 26, 4.0]"
Hf1Al8Fe4,"[72, 1.0, 13, 8.0, 26, 4.0]"
Th1Al8Fe4,"[90, 1.0, 13, 8.0, 26, 4.0]"
U1Al8Fe4,"[92, 1.0, 13, 8.0, 26, 4.0]"
Np1Al8Fe4,"[93, 1.0, 13, 8.0, 26, 4.0]"
Ce1Al8Co2,"[58, 1.0, 13, 8.0, 27, 2.0]"
Pr1Al8Co2,"[59, 1.0, 13, 8.0, 27, 2.0]"
Nd1Al8Co2,"[60, 1.0, 13, 8.0, 27, 2.0]"
Sm1Al8Co2,"[62, 1.0, 13, 8.0, 27, 2.0]"
Y1Al8Cu4,"[39, 1.0, 13, 8.0, 29, 4.0]"
Ce1Al8Cu4,"[58, 1.0, 13, 8.0, 29, 4.0]"
Pr1Al8Cu4,"[59, 1.0, 13, 8.0, 29, 4.0]"
Nd1Al8Cu4,"[60, 1.0, 13, 8.0, 29, 4.0]"
Sm1Al8Cu4,"[62, 1.0, 13, 8.0, 29, 4.0]"
Eu1Al8Cu4,"[63, 1.0, 13, 8.0, 29, 4.0]"
Gd1Al8Cu4,"[64, 1.0, 13, 8.0, 29, 4.0]"
Tb1Al8Cu4,"[65, 1.0, 13, 8.0, 29, 4.0]"
Dy1Al8Cu4,"[66, 1.0, 13, 8.0, 29, 4.0]"
Ho1Al8Cu4,"[67, 1.0, 13, 8.0, 29, 4.0]"
Er1Al8Cu4,"[68, 1.0, 13, 8.0, 29, 4.0]"
Tm1Al8Cu4,"[69, 1.0, 13, 8.0, 29, 4.0]"
Lu1Al8Cu4,"[71, 1.0, 13, 8.0, 29, 4.0]"
Th1Al8Cu4,"[90, 1.0, 13, 8.0, 29, 4.0]"
U1Al8Cu4,"[92, 1.0, 13, 8.0, 29, 4.0]"
Np1Al8Cu4,"[93, 1.0, 13, 8.0, 29, 4.0]"
Sr14Al8Ge3,"[38, 14.0, 13, 8.0, 32, 3.0]"
Al8Mo3,"[13, 8.0, 42, 3.0]"
Ca2Al3H3O8,"[20, 2.0, 13, 3.0, 1, 3.0, 8, 8.0]"
Al2P3H3O9,"[13, 2.0, 15, 3.0, 1, 3.0, 8, 9.0]"
Mn3Al9Si1,"[25, 3.0, 13, 9.0, 14, 1.0]"
Tb1Al9Fe4Si6,"[65, 1.0, 13, 9.0, 26, 4.0, 14, 6.0]"
Er1Al9Fe4Si6,"[68, 1.0, 13, 9.0, 26, 4.0, 14, 6.0]"
Ca1Al9Co2,"[20, 1.0, 13, 9.0, 27, 2.0]"
Ca1Al9Ni1,"[20, 1.0, 13, 9.0, 28, 1.0]"
Sc2Al9Co3,"[21, 2.0, 13, 9.0, 27, 3.0]"
Ba1Al9Fe2,"[56, 1.0, 13, 9.0, 26, 2.0]"
Al9Co2,"[13, 9.0, 27, 2.0]"
Sr1Al9Co2,"[38, 1.0, 13, 9.0, 27, 2.0]"
Eu1Al9Co2,"[63, 1.0, 13, 9.0, 27, 2.0]"
Y2Al9Co3,"[39, 2.0, 13, 9.0, 27, 3.0]"
Sm2Al9Co3,"[62, 2.0, 13, 9.0, 27, 3.0]"
Gd1Al9Ni3,"[64, 1.0, 13, 9.0, 28, 3.0]"
Er1Al9Ni3,"[68, 1.0, 13, 9.0, 28, 3.0]"
Sr5Al9,"[38, 5.0, 13, 9.0]"
Y2Al9Rh3,"[39, 2.0, 13, 9.0, 45, 3.0]"
Y2Al9Pd3,"[39, 2.0, 13, 9.0, 46, 3.0]"
Y2Al9Ir3,"[39, 2.0, 13, 9.0, 77, 3.0]"
Al9Rh2,"[13, 9.0, 45, 2.0]"
La2Al9Rh3,"[57, 2.0, 13, 9.0, 45, 3.0]"
Ce2Al9Rh3,"[58, 2.0, 13, 9.0, 45, 3.0]"
Pr2Al9Rh3,"[59, 2.0, 13, 9.0, 45, 3.0]"
Nd2Al9Rh3,"[60, 2.0, 13, 9.0, 45, 3.0]"
Sm2Al9Rh3,"[62, 2.0, 13, 9.0, 45, 3.0]"
Gd2Al9Rh3,"[64, 2.0, 13, 9.0, 45, 3.0]"
Tb2Al9Rh3,"[65, 2.0, 13, 9.0, 45, 3.0]"
Dy2Al9Rh3,"[66, 2.0, 13, 9.0, 45, 3.0]"
Er2Al9Rh3,"[68, 2.0, 13, 9.0, 45, 3.0]"
Tm2Al9Rh3,"[69, 2.0, 13, 9.0, 45, 3.0]"
Lu2Al9Rh3,"[71, 2.0, 13, 9.0, 45, 3.0]"
La2Al9Ir3,"[57, 2.0, 13, 9.0, 77, 3.0]"
Ce2Al9Ir3,"[58, 2.0, 13, 9.0, 77, 3.0]"
Pr2Al9Ir3,"[59, 2.0, 13, 9.0, 77, 3.0]"
Nd2Al9Ir3,"[60, 2.0, 13, 9.0, 77, 3.0]"
Sm2Al9Ir3,"[62, 2.0, 13, 9.0, 77, 3.0]"
Gd2Al9Ir3,"[64, 2.0, 13, 9.0, 77, 3.0]"
Tb2Al9Ir3,"[65, 2.0, 13, 9.0, 77, 3.0]"
Dy2Al9Ir3,"[66, 2.0, 13, 9.0, 77, 3.0]"
Ho2Al9Ir3,"[67, 2.0, 13, 9.0, 77, 3.0]"
Tm2Al9Ir3,"[69, 2.0, 13, 9.0, 77, 3.0]"
Lu2Al9Ir3,"[71, 2.0, 13, 9.0, 77, 3.0]"
Al9Ir2,"[13, 9.0, 77, 2.0]"
U2Al9Ir3,"[92, 2.0, 13, 9.0, 77, 3.0]"
Na1Al1H4,"[11, 1.0, 13, 1.0, 1, 4.0]"
K1Al1H4,"[19, 1.0, 13, 1.0, 1, 4.0]"
Rb1Al1H4,"[37, 1.0, 13, 1.0, 1, 4.0]"
Al1H4N1F4,"[13, 1.0, 1, 4.0, 7, 1.0, 9, 4.0]"
Na2Al2Si3H4O12,"[11, 2.0, 13, 2.0, 14, 3.0, 1, 4.0, 8, 12.0]"
K1Al1P4H4O14,"[19, 1.0, 13, 1.0, 15, 4.0, 1, 4.0, 8, 14.0]"
Cs1Al1H4O2F4,"[55, 1.0, 13, 1.0, 1, 4.0, 8, 2.0, 9, 4.0]"
Ca1Al1H5,"[20, 1.0, 13, 1.0, 1, 5.0]"
Sr1Al1H5,"[38, 1.0, 13, 1.0, 1, 5.0]"
Ba1Al1H5,"[56, 1.0, 13, 1.0, 1, 5.0]"
Al1H5Se2O8,"[13, 1.0, 1, 5.0, 34, 2.0, 8, 8.0]"
K2Na1Al1H6,"[19, 2.0, 11, 1.0, 13, 1.0, 1, 6.0]"
Na3Al1H6,"[11, 3.0, 13, 1.0, 1, 6.0]"
K3Al1H6,"[19, 3.0, 13, 1.0, 1, 6.0]"
La1Al1H6,"[57, 1.0, 13, 1.0, 1, 6.0]"
Pr1Al1H6,"[59, 1.0, 13, 1.0, 1, 6.0]"
Nd1Al1H6,"[60, 1.0, 13, 1.0, 1, 6.0]"
Na2Li1Al1H6,"[11, 2.0, 3, 1.0, 13, 1.0, 1, 6.0]"
Li1Mg1Al1H6,"[3, 1.0, 12, 1.0, 13, 1.0, 1, 6.0]"
K2Li1Al1H6,"[19, 2.0, 3, 1.0, 13, 1.0, 1, 6.0]"
Li1Al2H6Cl1O6,"[3, 1.0, 13, 2.0, 1, 6.0, 17, 1.0, 8, 6.0]"
Li3Al1H6,"[3, 3.0, 13, 1.0, 1, 6.0]"
Al1H6C2Se1Cl3,"[13, 1.0, 1, 6.0, 6, 2.0, 34, 1.0, 17, 3.0]"
Sr1Al2H6C2O11,"[38, 1.0, 13, 2.0, 1, 6.0, 6, 2.0, 8, 11.0]"
Al1H6N2Cl3,"[13, 1.0, 1, 6.0, 7, 2.0, 17, 3.0]"
K1Al1H6O2F6,"[19, 1.0, 13, 1.0, 1, 6.0, 8, 2.0, 9, 6.0]"
Al1H6Br1O4,"[13, 1.0, 1, 6.0, 35, 1.0, 8, 4.0]"
Al1H6I1O4,"[13, 1.0, 1, 6.0, 53, 1.0, 8, 4.0]"
Ba2Al1H7,"[56, 2.0, 13, 1.0, 1, 7.0]"
Al1H7C2S1Cl4,"[13, 1.0, 1, 7.0, 6, 2.0, 16, 1.0, 17, 4.0]"
Al1P1H8C2Cl4,"[13, 1.0, 15, 1.0, 1, 8.0, 6, 2.0, 17, 4.0]"
Na1Ca2Al4H8C4Cl1O20,"[11, 1.0, 20, 2.0, 13, 4.0, 1, 8.0, 6, 4.0, 17, 1.0, 8, 20.0]"
Al2Si3H8N2O10,"[13, 2.0, 14, 3.0, 1, 8.0, 7, 2.0, 8, 10.0]"
Rb1Al1H8N4,"[37, 1.0, 13, 1.0, 1, 8.0, 7, 4.0]"
Cs1Al1H8N4,"[55, 1.0, 13, 1.0, 1, 8.0, 7, 4.0]"
Al1P1H9C3Cl3,"[13, 1.0, 15, 1.0, 1, 9.0, 6, 3.0, 17, 3.0]"
Al1Si1H9C3Cl2O1,"[13, 1.0, 14, 1.0, 1, 9.0, 6, 3.0, 17, 2.0, 8, 1.0]"
Na2Li1Al1P2,"[11, 2.0, 3, 1.0, 13, 1.0, 15, 2.0]"
Li1Al1,"[3, 1.0, 13, 1.0]"
Li1Al1Si1,"[3, 1.0, 13, 1.0, 14, 1.0]"
Li1Al1P2S6,"[3, 1.0, 13, 1.0, 15, 2.0, 16, 6.0]"
K2Li1Al1P2,"[19, 2.0, 3, 1.0, 13, 1.0, 15, 2.0]"
Li1Al1S2,"[3, 1.0, 13, 1.0, 16, 2.0]"
Li1Al1Cl4,"[3, 1.0, 13, 1.0, 17, 4.0]"
Li1Al1Ge1,"[3, 1.0, 13, 1.0, 32, 1.0]"
Li1Al1Se2,"[3, 1.0, 13, 1.0, 34, 2.0]"
Li1Al1Ag2,"[3, 1.0, 13, 1.0, 47, 2.0]"
Li1Al1Te2,"[3, 1.0, 13, 1.0, 52, 2.0]"
Li1Al2Rh1,"[3, 1.0, 13, 2.0, 45, 1.0]"
Li1Al2Pd1,"[3, 1.0, 13, 2.0, 46, 1.0]"
Li1Al2Ir1,"[3, 1.0, 13, 2.0, 77, 1.0]"
Li1Al2Pt1,"[3, 1.0, 13, 2.0, 78, 1.0]"
Li1Al1B14,"[3, 1.0, 13, 1.0, 5, 14.0]"
Li1Al1C2N4,"[3, 1.0, 13, 1.0, 6, 2.0, 7, 4.0]"
Ba2Li1Al1C4N8,"[56, 2.0, 3, 1.0, 13, 1.0, 6, 4.0, 7, 8.0]"
Li1Ca1Al1N2,"[3, 1.0, 20, 1.0, 13, 1.0, 7, 2.0]"
Sr1Li1Al3N4,"[38, 1.0, 3, 1.0, 13, 3.0, 7, 4.0]"
Li1Al1O2,"[3, 1.0, 13, 1.0, 8, 2.0]"
Li1Al1Si1O4,"[3, 1.0, 13, 1.0, 14, 1.0, 8, 4.0]"
Cs2Li1Al3F12,"[55, 2.0, 3, 1.0, 13, 3.0, 9, 12.0]"
Li1Mg1Al1F6,"[3, 1.0, 12, 1.0, 13, 1.0, 9, 6.0]"
K2Li1Al1F6,"[19, 2.0, 3, 1.0, 13, 1.0, 9, 6.0]"
Li1Ca1Al1F6,"[3, 1.0, 20, 1.0, 13, 1.0, 9, 6.0]"
Sr1Li1Al1F6,"[38, 1.0, 3, 1.0, 13, 1.0, 9, 6.0]"
Cs2Li1Al1F6,"[55, 2.0, 3, 1.0, 13, 1.0, 9, 6.0]"
Ba1Li1Al1F6,"[56, 1.0, 3, 1.0, 13, 1.0, 9, 6.0]"
Li2Al1,"[3, 2.0, 13, 1.0]"
Li2Al1Pd1,"[3, 2.0, 13, 1.0, 46, 1.0]"
Li2Al1Ag1,"[3, 2.0, 13, 1.0, 47, 1.0]"
Li2Al1Pt1,"[3, 2.0, 13, 1.0, 78, 1.0]"
Li2Al1B5O10,"[3, 2.0, 13, 1.0, 5, 5.0, 8, 10.0]"
K3Ba3Li2Al4B6O20F1,"[19, 3.0, 56, 3.0, 3, 2.0, 13, 4.0, 5, 6.0, 8, 20.0, 9, 1.0]"
Li3Al2,"[3, 3.0, 13, 2.0]"
Li3Al1N2,"[3, 3.0, 13, 1.0, 7, 2.0]"
Li3Al1Si1O5,"[3, 3.0, 13, 1.0, 14, 1.0, 8, 5.0]"
Li3Al1Ge1O5,"[3, 3.0, 13, 1.0, 32, 1.0, 8, 5.0]"
Na3Li3Al2F12,"[11, 3.0, 3, 3.0, 13, 2.0, 9, 12.0]"
Li3Al1F6,"[3, 3.0, 13, 1.0, 9, 6.0]"
Li4Al3Si3Cl1O12,"[3, 4.0, 13, 3.0, 14, 3.0, 17, 1.0, 8, 12.0]"
Li4Al3Ge3Br1O12,"[3, 4.0, 13, 3.0, 32, 3.0, 35, 1.0, 8, 12.0]"
Li4Al3Ge3I1O12,"[3, 4.0, 13, 3.0, 32, 3.0, 53, 1.0, 8, 12.0]"
K1Li4Al1O4,"[19, 1.0, 3, 4.0, 13, 1.0, 8, 4.0]"
Li5Al1O4,"[3, 5.0, 13, 1.0, 8, 4.0]"
Li6Al13Cu8,"[3, 6.0, 13, 13.0, 29, 8.0]"
Li9Al4,"[3, 9.0, 13, 4.0]"
Be1Al1B1,"[4, 1.0, 13, 1.0, 5, 1.0]"
Na4Be1Al1Si4Cl1O12,"[11, 4.0, 4, 1.0, 13, 1.0, 14, 4.0, 17, 1.0, 8, 12.0]"
Be1Al2O4,"[4, 1.0, 13, 2.0, 8, 4.0]"
Na3Be1Al1Si2O8,"[11, 3.0, 4, 1.0, 13, 1.0, 14, 2.0, 8, 8.0]"
Al1B1Mo1,"[13, 1.0, 5, 1.0, 42, 1.0]"
Al1B1W1,"[13, 1.0, 5, 1.0, 74, 1.0]"
La1Al2B1Ru2,"[57, 1.0, 13, 2.0, 5, 1.0, 44, 2.0]"
La1Al2B1Os2,"[57, 1.0, 13, 2.0, 5, 1.0, 76, 2.0]"
Ba8Al10B12O41,"[56, 8.0, 13, 10.0, 5, 12.0, 8, 41.0]"
Ba1Al1B1O3F2,"[56, 1.0, 13, 1.0, 5, 1.0, 8, 3.0, 9, 2.0]"
Mg1Al1B1O4,"[12, 1.0, 13, 1.0, 5, 1.0, 8, 4.0]"
Ca1Al1B1O4,"[20, 1.0, 13, 1.0, 5, 1.0, 8, 4.0]"
Al1B1Pb1O4,"[13, 1.0, 5, 1.0, 82, 1.0, 8, 4.0]"
Al1Ni2B1O5,"[13, 1.0, 28, 2.0, 5, 1.0, 8, 5.0]"
Mg1Al3Si1B1O9,"[12, 1.0, 13, 3.0, 14, 1.0, 5, 1.0, 8, 9.0]"
Al5B1O9,"[13, 5.0, 5, 1.0, 8, 9.0]"
Mg2Al1B2Ir5,"[12, 2.0, 13, 1.0, 5, 2.0, 77, 5.0]"
Sc2Al1B2Ir5,"[21, 2.0, 13, 1.0, 5, 2.0, 77, 5.0]"
Al1Cr2B2,"[13, 1.0, 24, 2.0, 5, 2.0]"
Mn2Al1B2,"[25, 2.0, 13, 1.0, 5, 2.0]"
Al1Fe2B2,"[13, 1.0, 26, 2.0, 5, 2.0]"
La2Al1B2Os2,"[57, 2.0, 13, 1.0, 5, 2.0, 76, 2.0]"
Al3B2Ru4,"[13, 3.0, 5, 2.0, 44, 4.0]"
Na2Al2B2O7,"[11, 2.0, 13, 2.0, 5, 2.0, 8, 7.0]"
K2Al2B2O7,"[19, 2.0, 13, 2.0, 5, 2.0, 8, 7.0]"
Ca1Al2B2O7,"[20, 1.0, 13, 2.0, 5, 2.0, 8, 7.0]"
Rb2Al2B2O7,"[37, 2.0, 13, 2.0, 5, 2.0, 8, 7.0]"
Sr1Al2B2O7,"[38, 1.0, 13, 2.0, 5, 2.0, 8, 7.0]"
Cs2Al2B2O7,"[55, 2.0, 13, 2.0, 5, 2.0, 8, 7.0]"
Ba1Al2B2O7,"[56, 1.0, 13, 2.0, 5, 2.0, 8, 7.0]"
Mg1Al1B4,"[12, 1.0, 13, 1.0, 5, 4.0]"
Al1Cr3B4,"[13, 1.0, 24, 3.0, 5, 4.0]"
Ho1Al1B4,"[67, 1.0, 13, 1.0, 5, 4.0]"
Er1Al1B4,"[68, 1.0, 13, 1.0, 5, 4.0]"
Tm1Al1B4,"[69, 1.0, 13, 1.0, 5, 4.0]"
Lu1Al1B4,"[71, 1.0, 13, 1.0, 5, 4.0]"
Y1Al3B4O12,"[39, 1.0, 13, 3.0, 5, 4.0, 8, 12.0]"
Al6B5O15F3,"[13, 6.0, 5, 5.0, 8, 15.0, 9, 3.0]"
Al2Ni21B6,"[13, 2.0, 28, 21.0, 5, 6.0]"
Al3Ni20B6,"[13, 3.0, 28, 20.0, 5, 6.0]"
Al4B6O15,"[13, 4.0, 5, 6.0, 8, 15.0]"
Al1Ni12B8,"[13, 1.0, 28, 12.0, 5, 8.0]"
K3Al1B8O15,"[19, 3.0, 13, 1.0, 5, 8.0, 8, 15.0]"
Ba4Na1Al2B8Cl3O18,"[56, 4.0, 11, 1.0, 13, 2.0, 5, 8.0, 17, 3.0, 8, 18.0]"
Ba4Na1Al2B8Br3O18,"[56, 4.0, 11, 1.0, 13, 2.0, 5, 8.0, 35, 3.0, 8, 18.0]"
Sc3Al1C1,"[21, 3.0, 13, 1.0, 6, 1.0]"
Ti2Al1C1,"[22, 2.0, 13, 1.0, 6, 1.0]"
Ti3Al1C1,"[22, 3.0, 13, 1.0, 6, 1.0]"
Al1V2C1,"[13, 1.0, 23, 2.0, 6, 1.0]"
Al1Cr2C1,"[13, 1.0, 24, 2.0, 6, 1.0]"
Mn3Al1C1,"[25, 3.0, 13, 1.0, 6, 1.0]"
Al1Fe3C1,"[13, 1.0, 26, 3.0, 6, 1.0]"
Y3Al1C1,"[39, 3.0, 13, 1.0, 6, 1.0]"
Nb2Al1C1,"[41, 2.0, 13, 1.0, 6, 1.0]"
Ce3Al1C1,"[58, 3.0, 13, 1.0, 6, 1.0]"
Gd3Al1C1,"[64, 3.0, 13, 1.0, 6, 1.0]"
Tb3Al1C1,"[65, 3.0, 13, 1.0, 6, 1.0]"
Dy3Al1C1,"[66, 3.0, 13, 1.0, 6, 1.0]"
Ho3Al1C1,"[67, 3.0, 13, 1.0, 6, 1.0]"
Er3Al1C1,"[68, 3.0, 13, 1.0, 6, 1.0]"
Lu3Al1C1,"[71, 3.0, 13, 1.0, 6, 1.0]"
Ta2Al1C1,"[73, 2.0, 13, 1.0, 6, 1.0]"
Ti3Al2Ni1C1,"[22, 3.0, 13, 2.0, 28, 1.0, 6, 1.0]"
Ta3Al2Co1C1,"[73, 3.0, 13, 2.0, 27, 1.0, 6, 1.0]"
Nb3Al2C1,"[41, 3.0, 13, 2.0, 6, 1.0]"
Sc1Al1C1O1,"[21, 1.0, 13, 1.0, 6, 1.0, 8, 1.0]"
Sr2Al1C1O3F5,"[38, 2.0, 13, 1.0, 6, 1.0, 8, 3.0, 9, 5.0]"
Al4C1O4,"[13, 4.0, 6, 1.0, 8, 4.0]"
Ti3Al1C2,"[22, 3.0, 13, 1.0, 6, 2.0]"
Ta3Al1C2,"[73, 3.0, 13, 1.0, 6, 2.0]"
Y3Al1C3,"[39, 3.0, 13, 1.0, 6, 3.0]"
Ta4Al1C3,"[73, 4.0, 13, 1.0, 6, 3.0]"
Ti5Al2C3,"[22, 5.0, 13, 2.0, 6, 3.0]"
Th2Al2C3,"[90, 2.0, 13, 2.0, 6, 3.0]"
Sc1Al3C3,"[21, 1.0, 13, 3.0, 6, 3.0]"
Y1Al3C3,"[39, 1.0, 13, 3.0, 6, 3.0]"
Gd1Al3C3,"[64, 1.0, 13, 3.0, 6, 3.0]"
Tb1Al3C3,"[65, 1.0, 13, 3.0, 6, 3.0]"
Dy1Al3C3,"[66, 1.0, 13, 3.0, 6, 3.0]"
Ho1Al3C3,"[67, 1.0, 13, 3.0, 6, 3.0]"
Er1Al3C3,"[68, 1.0, 13, 3.0, 6, 3.0]"
Tm1Al3C3,"[69, 1.0, 13, 3.0, 6, 3.0]"
Lu1Al3C3,"[71, 1.0, 13, 3.0, 6, 3.0]"
U1Al3C3,"[92, 1.0, 13, 3.0, 6, 3.0]"
Al4C3,"[13, 4.0, 6, 3.0]"
Al1C3N3Cl6,"[13, 1.0, 6, 3.0, 7, 3.0, 17, 6.0]"
Zr2Al3C4,"[40, 2.0, 13, 3.0, 6, 4.0]"
Hf2Al3C4,"[72, 2.0, 13, 3.0, 6, 4.0]"
U2Al3C4,"[92, 2.0, 13, 3.0, 6, 4.0]"
Th1Al4C4,"[90, 1.0, 13, 4.0, 6, 4.0]"
Zr3Al3C5,"[40, 3.0, 13, 3.0, 6, 5.0]"
Hf3Al3C5,"[72, 3.0, 13, 3.0, 6, 5.0]"
Zr4Al3C6,"[40, 4.0, 13, 3.0, 6, 6.0]"
Al3V12C8,"[13, 3.0, 23, 12.0, 6, 8.0]"
Al1N1,"[13, 1.0, 7, 1.0]"
Ti2Al1N1,"[22, 2.0, 13, 1.0, 7, 1.0]"
Zr3Al1N1,"[40, 3.0, 13, 1.0, 7, 1.0]"
La3Al1N1,"[57, 3.0, 13, 1.0, 7, 1.0]"
Ce3Al1N1,"[58, 3.0, 13, 1.0, 7, 1.0]"
Pr3Al1N1,"[59, 3.0, 13, 1.0, 7, 1.0]"
Sm3Al1N1,"[62, 3.0, 13, 1.0, 7, 1.0]"
Tb3Al1N1,"[65, 3.0, 13, 1.0, 7, 1.0]"
Dy3Al1N1,"[66, 3.0, 13, 1.0, 7, 1.0]"
Ho3Al1N1,"[67, 3.0, 13, 1.0, 7, 1.0]"
Er3Al1N1,"[68, 3.0, 13, 1.0, 7, 1.0]"
Tm3Al1N1,"[69, 3.0, 13, 1.0, 7, 1.0]"
Lu3Al1N1,"[71, 3.0, 13, 1.0, 7, 1.0]"
Hf3Al1N1,"[72, 3.0, 13, 1.0, 7, 1.0]"
Ti3Al2Ni1N1,"[22, 3.0, 13, 2.0, 28, 1.0, 7, 1.0]"
Nb3Al2N1,"[41, 3.0, 13, 2.0, 7, 1.0]"
Na3Al1P3N1O9,"[11, 3.0, 13, 1.0, 15, 3.0, 7, 1.0, 8, 9.0]"
Al1P3N3Cl9,"[13, 1.0, 15, 3.0, 7, 3.0, 17, 9.0]"
Ca3Al1N3,"[20, 3.0, 13, 1.0, 7, 3.0]"
Ti4Al1N3,"[22, 4.0, 13, 1.0, 7, 3.0]"
Ca3Al2N4,"[20, 3.0, 13, 2.0, 7, 4.0]"
Sr3Al2N4,"[38, 3.0, 13, 2.0, 7, 4.0]"
Ba3Al2N4,"[56, 3.0, 13, 2.0, 7, 4.0]"
Ba1Al2Si3N4O4,"[56, 1.0, 13, 2.0, 14, 3.0, 7, 4.0, 8, 4.0]"
Cs2Al1N5O15,"[55, 2.0, 13, 1.0, 7, 5.0, 8, 15.0]"
Ca5Al2Si2N8,"[20, 5.0, 13, 2.0, 14, 2.0, 7, 8.0]"
Cs2Al1P3O10,"[55, 2.0, 13, 1.0, 15, 3.0, 8, 10.0]"
Ba7Al64O103,"[56, 7.0, 13, 64.0, 8, 103.0]"
Ba5Al1Ru2O11,"[56, 5.0, 13, 1.0, 44, 2.0, 8, 11.0]"
Ba5Al1Ir2O11,"[56, 5.0, 13, 1.0, 77, 2.0, 8, 11.0]"
Al1Cl1O1,"[13, 1.0, 17, 1.0, 8, 1.0]"
Al1Br1O1,"[13, 1.0, 35, 1.0, 8, 1.0]"
La3Al1O1,"[57, 3.0, 13, 1.0, 8, 1.0]"
Al2Ag1Cl5O1,"[13, 2.0, 47, 1.0, 17, 5.0, 8, 1.0]"
Al2Sn1Cl6O1,"[13, 2.0, 50, 1.0, 17, 6.0, 8, 1.0]"
Sr13Al6Si8O1,"[38, 13.0, 13, 6.0, 14, 8.0, 8, 1.0]"
Rb2Na1Al2P3O12,"[37, 2.0, 11, 1.0, 13, 2.0, 15, 3.0, 8, 12.0]"
Na1Ti2Al5O12,"[11, 1.0, 22, 2.0, 13, 5.0, 8, 12.0]"
Na4Al3Si3Cl1O12,"[11, 4.0, 13, 3.0, 14, 3.0, 17, 1.0, 8, 12.0]"
Na4Al3Si3Br1O12,"[11, 4.0, 13, 3.0, 14, 3.0, 35, 1.0, 8, 12.0]"
Na4Al3Si3I1O12,"[11, 4.0, 13, 3.0, 14, 3.0, 53, 1.0, 8, 12.0]"
Na4Al3Ge3Cl1O12,"[11, 4.0, 13, 3.0, 32, 3.0, 17, 1.0, 8, 12.0]"
Na4Al3Ge3Br1O12,"[11, 4.0, 13, 3.0, 32, 3.0, 35, 1.0, 8, 12.0]"
Na4Al3Ge3I1O12,"[11, 4.0, 13, 3.0, 32, 3.0, 53, 1.0, 8, 12.0]"
K2Ce1Al1Si4O12,"[19, 2.0, 58, 1.0, 13, 1.0, 14, 4.0, 8, 12.0]"
K3Al2P3O12,"[19, 3.0, 13, 2.0, 15, 3.0, 8, 12.0]"
Rb3Al2P3O12,"[37, 3.0, 13, 2.0, 15, 3.0, 8, 12.0]"
Al2S3O12,"[13, 2.0, 16, 3.0, 8, 12.0]"
K3Al2As3O12,"[19, 3.0, 13, 2.0, 33, 3.0, 8, 12.0]"
Ca3Al2Ge3O12,"[20, 3.0, 13, 2.0, 32, 3.0, 8, 12.0]"
Al2Cd3Ge3O12,"[13, 2.0, 48, 3.0, 32, 3.0, 8, 12.0]"
Al2Mo3O12,"[13, 2.0, 42, 3.0, 8, 12.0]"
K4Al3Si3Cl1O12,"[19, 4.0, 13, 3.0, 14, 3.0, 17, 1.0, 8, 12.0]"
Al3Si3Ag4I1O12,"[13, 3.0, 14, 3.0, 47, 4.0, 53, 1.0, 8, 12.0]"
Y3Sc2Al3O12,"[39, 3.0, 21, 2.0, 13, 3.0, 8, 12.0]"
Sm3Sc2Al3O12,"[62, 3.0, 21, 2.0, 13, 3.0, 8, 12.0]"
Gd3Sc2Al3O12,"[64, 3.0, 21, 2.0, 13, 3.0, 8, 12.0]"
Dy3Sc2Al3O12,"[66, 3.0, 21, 2.0, 13, 3.0, 8, 12.0]"
Ho3Sc2Al3O12,"[67, 3.0, 21, 2.0, 13, 3.0, 8, 12.0]"
Er3Sc2Al3O12,"[68, 3.0, 21, 2.0, 13, 3.0, 8, 12.0]"
Y3Al3Cr2O12,"[39, 3.0, 13, 3.0, 24, 2.0, 8, 12.0]"
Er3Al3Cr2O12,"[68, 3.0, 13, 3.0, 24, 2.0, 8, 12.0]"
Ba1Al4Sb2O12,"[56, 1.0, 13, 4.0, 51, 2.0, 8, 12.0]"
Y3Al5O12,"[39, 3.0, 13, 5.0, 8, 12.0]"
Gd3Al5O12,"[64, 3.0, 13, 5.0, 8, 12.0]"
Tb3Al5O12,"[65, 3.0, 13, 5.0, 8, 12.0]"
Ho3Al5O12,"[67, 3.0, 13, 5.0, 8, 12.0]"
Er3Al5O12,"[68, 3.0, 13, 5.0, 8, 12.0]"
Tm3Al5O12,"[69, 3.0, 13, 5.0, 8, 12.0]"
Lu3Al5O12,"[71, 3.0, 13, 5.0, 8, 12.0]"
Ca4Al6S1O12,"[20, 4.0, 13, 6.0, 16, 1.0, 8, 12.0]"
Sr4Al6S1O12,"[38, 4.0, 13, 6.0, 16, 1.0, 8, 12.0]"
Al6Cd4S1O12,"[13, 6.0, 48, 4.0, 16, 1.0, 8, 12.0]"
Ca4Al6Te1O12,"[20, 4.0, 13, 6.0, 52, 1.0, 8, 12.0]"
Sr4Al6Se1O12,"[38, 4.0, 13, 6.0, 34, 1.0, 8, 12.0]"
Sr4Al6Te1O12,"[38, 4.0, 13, 6.0, 52, 1.0, 8, 12.0]"
Al6Cd4Te1O12,"[13, 6.0, 48, 4.0, 52, 1.0, 8, 12.0]"
Na14Al4O13,"[11, 14.0, 13, 4.0, 8, 13.0]"
Ba5Al2In2Ir1Cl1O13,"[56, 5.0, 13, 2.0, 49, 2.0, 77, 1.0, 17, 1.0, 8, 13.0]"
Ba5Ho2Zr1Al2O13,"[56, 5.0, 67, 2.0, 40, 1.0, 13, 2.0, 8, 13.0]"
Ba5Er2Zr1Al2O13,"[56, 5.0, 68, 2.0, 40, 1.0, 13, 2.0, 8, 13.0]"
Ba5Tm2Zr1Al2O13,"[56, 5.0, 69, 2.0, 40, 1.0, 13, 2.0, 8, 13.0]"
Ba5Lu2Zr1Al2O13,"[56, 5.0, 71, 2.0, 40, 1.0, 13, 2.0, 8, 13.0]"
Ba6Y2Al4O15,"[56, 6.0, 39, 2.0, 13, 4.0, 8, 15.0]"
Ba6Nd2Al4O15,"[56, 6.0, 60, 2.0, 13, 4.0, 8, 15.0]"
Ba6Sm2Al4O15,"[56, 6.0, 62, 2.0, 13, 4.0, 8, 15.0]"
Ba6Gd2Al4O15,"[56, 6.0, 64, 2.0, 13, 4.0, 8, 15.0]"
Ba6Tb2Al4O15,"[56, 6.0, 65, 2.0, 13, 4.0, 8, 15.0]"
Ba6Dy2Al4O15,"[56, 6.0, 66, 2.0, 13, 4.0, 8, 15.0]"
Ba6Tm2Al4O15,"[56, 6.0, 69, 2.0, 13, 4.0, 8, 15.0]"
Ba6Lu2Al4O15,"[56, 6.0, 71, 2.0, 13, 4.0, 8, 15.0]"
Ca2Al8Pb1O15,"[20, 2.0, 13, 8.0, 82, 1.0, 8, 15.0]"
Na2Sr1Al4Si4O16,"[11, 2.0, 38, 1.0, 13, 4.0, 14, 4.0, 8, 16.0]"
Ba1Na2Al4Si4O16,"[56, 1.0, 11, 2.0, 13, 4.0, 14, 4.0, 8, 16.0]"
Na5Ca2Al1P4O16,"[11, 5.0, 20, 2.0, 13, 1.0, 15, 4.0, 8, 16.0]"
Cs1Zr2Al1P4O16,"[55, 1.0, 40, 2.0, 13, 1.0, 15, 4.0, 8, 16.0]"
Ca4Al6S1O16,"[20, 4.0, 13, 6.0, 16, 1.0, 8, 16.0]"
Ca4Al6Mo1O16,"[20, 4.0, 13, 6.0, 42, 1.0, 8, 16.0]"
Sr4Al6Cr1O16,"[38, 4.0, 13, 6.0, 24, 1.0, 8, 16.0]"
Sr4Al6Mo1O16,"[38, 4.0, 13, 6.0, 42, 1.0, 8, 16.0]"
Sr4Al6W1O16,"[38, 4.0, 13, 6.0, 74, 1.0, 8, 16.0]"
Ca6Al7O16,"[20, 6.0, 13, 7.0, 8, 16.0]"
Na1Al11O17,"[11, 1.0, 13, 11.0, 8, 17.0]"
Mg2Al4Si5O18,"[12, 2.0, 13, 4.0, 14, 5.0, 8, 18.0]"
Mn2Al4Si5O18,"[25, 2.0, 13, 4.0, 14, 5.0, 8, 18.0]"
Al4Fe2Si5O18,"[13, 4.0, 26, 2.0, 14, 5.0, 8, 18.0]"
Eu1Al12O19,"[63, 1.0, 13, 12.0, 8, 19.0]"
Ba7Sc6Al2O19,"[56, 7.0, 21, 6.0, 13, 2.0, 8, 19.0]"
Rb1Al3P6O20,"[37, 1.0, 13, 3.0, 15, 6.0, 8, 20.0]"
K4Nb11Al2O20F1,"[19, 4.0, 41, 11.0, 13, 2.0, 8, 20.0, 9, 1.0]"
Na1Al1O2,"[11, 1.0, 13, 1.0, 8, 2.0]"
Al8Pb9O21,"[13, 8.0, 82, 9.0, 8, 21.0]"
Al1S1Cl3O2,"[13, 1.0, 16, 1.0, 17, 3.0, 8, 2.0]"
K1Al1O2,"[19, 1.0, 13, 1.0, 8, 2.0]"
Al1Cu1O2,"[13, 1.0, 29, 1.0, 8, 2.0]"
Rb1Al1O2,"[37, 1.0, 13, 1.0, 8, 2.0]"
Al1Ag1O2,"[13, 1.0, 47, 1.0, 8, 2.0]"
Cs1Al1O2,"[55, 1.0, 13, 1.0, 8, 2.0]"
Na3Al1P8O23,"[11, 3.0, 13, 1.0, 15, 8.0, 8, 23.0]"
Mn13Al4Si2Sb2O28,"[25, 13.0, 13, 4.0, 14, 2.0, 51, 2.0, 8, 28.0]"
K3Al1O3,"[19, 3.0, 13, 1.0, 8, 3.0]"
Rb3Al1O3,"[37, 3.0, 13, 1.0, 8, 3.0]"
Cs3Al1O3,"[55, 3.0, 13, 1.0, 8, 3.0]"
La1Al1O3,"[57, 1.0, 13, 1.0, 8, 3.0]"
Ce1Al1O3,"[58, 1.0, 13, 1.0, 8, 3.0]"
Pr1Al1O3,"[59, 1.0, 13, 1.0, 8, 3.0]"
Nd1Al1O3,"[60, 1.0, 13, 1.0, 8, 3.0]"
Sm1Al1O3,"[62, 1.0, 13, 1.0, 8, 3.0]"
Al2O3,"[13, 2.0, 8, 3.0]"
Na1Al1Si1O4,"[11, 1.0, 13, 1.0, 14, 1.0, 8, 4.0]"
Na1Al1Ge1O4,"[11, 1.0, 13, 1.0, 32, 1.0, 8, 4.0]"
Na5Al1O4,"[11, 5.0, 13, 1.0, 8, 4.0]"
Mg1Al2O4,"[12, 1.0, 13, 2.0, 8, 4.0]"
K1Al1Si1O4,"[19, 1.0, 13, 1.0, 14, 1.0, 8, 4.0]"
Rb1Al1Si1O4,"[37, 1.0, 13, 1.0, 14, 1.0, 8, 4.0]"
Cs1Al1Si1O4,"[55, 1.0, 13, 1.0, 14, 1.0, 8, 4.0]"
Al1P1O4,"[13, 1.0, 15, 1.0, 8, 4.0]"
K1Al1Ge1O4,"[19, 1.0, 13, 1.0, 32, 1.0, 8, 4.0]"
Al1V1O4,"[13, 1.0, 23, 1.0, 8, 4.0]"
Al1As1O4,"[13, 1.0, 33, 1.0, 8, 4.0]"
Rb8Al1Au3O4,"[37, 8.0, 13, 1.0, 79, 3.0, 8, 4.0]"
Nb1Al1O4,"[41, 1.0, 13, 1.0, 8, 4.0]"
Cs9Al1O4,"[55, 9.0, 13, 1.0, 8, 4.0]"
Ta1Al1O4,"[73, 1.0, 13, 1.0, 8, 4.0]"
Al1W1O4,"[13, 1.0, 74, 1.0, 8, 4.0]"
Mn1Al2O4,"[25, 1.0, 13, 2.0, 8, 4.0]"
Al2Fe1O4,"[13, 2.0, 26, 1.0, 8, 4.0]"
Al2Zn1O4,"[13, 2.0, 30, 1.0, 8, 4.0]"
Sr1Al2O4,"[38, 1.0, 13, 2.0, 8, 4.0]"
Ba1Al2O4,"[56, 1.0, 13, 2.0, 8, 4.0]"
Eu1Al2O4,"[63, 1.0, 13, 2.0, 8, 4.0]"
Al2Pb1O4,"[13, 2.0, 82, 1.0, 8, 4.0]"
Na1Al1As1O4F1,"[11, 1.0, 13, 1.0, 33, 1.0, 8, 4.0, 9, 1.0]"
Al2Si1O4F2,"[13, 2.0, 14, 1.0, 8, 4.0, 9, 2.0]"
Al2Ge1O4F2,"[13, 2.0, 32, 1.0, 8, 4.0, 9, 2.0]"
K2Al1S1O4F3,"[19, 2.0, 13, 1.0, 16, 1.0, 8, 4.0, 9, 3.0]"
Na2Sr2Al2P1O4F9,"[11, 2.0, 38, 2.0, 13, 2.0, 15, 1.0, 8, 4.0, 9, 9.0]"
Mg1Al1P1O5,"[12, 1.0, 13, 1.0, 15, 1.0, 8, 5.0]"
Al1Fe1P1O5,"[13, 1.0, 26, 1.0, 15, 1.0, 8, 5.0]"
Ca1Ta1Al1O5,"[20, 1.0, 73, 1.0, 13, 1.0, 8, 5.0]"
Er1Al1Ge1O5,"[68, 1.0, 13, 1.0, 32, 1.0, 8, 5.0]"
Eu3Al1O5,"[63, 3.0, 13, 1.0, 8, 5.0]"
Al2Si1O5,"[13, 2.0, 14, 1.0, 8, 5.0]"
Sr3Al2Cl2O5,"[38, 3.0, 13, 2.0, 17, 2.0, 8, 5.0]"
Cs1Al1Si2O6,"[55, 1.0, 13, 1.0, 14, 2.0, 8, 6.0]"
Sr2Nb1Al1O6,"[38, 2.0, 41, 1.0, 13, 1.0, 8, 6.0]"
Sr2Ta1Al1O6,"[38, 2.0, 73, 1.0, 13, 1.0, 8, 6.0]"
Eu2Ta1Al1O6,"[63, 2.0, 73, 1.0, 13, 1.0, 8, 6.0]"
Sr3Al2O6,"[38, 3.0, 13, 2.0, 8, 6.0]"
Ba3Al2O6,"[56, 3.0, 13, 2.0, 8, 6.0]"
Na3Nb34Al2O64,"[11, 3.0, 41, 34.0, 13, 2.0, 8, 64.0]"
Rb4Nb35Al2O70,"[37, 4.0, 41, 35.0, 13, 2.0, 8, 70.0]"
K1Al1P2O7,"[19, 1.0, 13, 1.0, 15, 2.0, 8, 7.0]"
Al1V1Mo1O7,"[13, 1.0, 23, 1.0, 42, 1.0, 8, 7.0]"
Cs3Al1Ge2O7,"[55, 3.0, 13, 1.0, 32, 2.0, 8, 7.0]"
Pr1Al1Ge2O7,"[59, 1.0, 13, 1.0, 32, 2.0, 8, 7.0]"
Nd1Al1Ge2O7,"[60, 1.0, 13, 1.0, 32, 2.0, 8, 7.0]"
Rb1Al1As2O7,"[37, 1.0, 13, 1.0, 33, 2.0, 8, 7.0]"
K2Al2Sb2O7,"[19, 2.0, 13, 2.0, 51, 2.0, 8, 7.0]"
Cs2Al2As2O7,"[55, 2.0, 13, 2.0, 33, 2.0, 8, 7.0]"
Rb2Al2Sb2O7,"[37, 2.0, 13, 2.0, 51, 2.0, 8, 7.0]"
Cs2Al2Sb2O7,"[55, 2.0, 13, 2.0, 51, 2.0, 8, 7.0]"
Ba1Al2Sb2O7,"[56, 1.0, 13, 2.0, 51, 2.0, 8, 7.0]"
Ca1Al4O7,"[20, 1.0, 13, 4.0, 8, 7.0]"
Sr1Al4O7,"[38, 1.0, 13, 4.0, 8, 7.0]"
Al4Cd1O7,"[13, 4.0, 48, 1.0, 8, 7.0]"
Na1Al1Si3O8,"[11, 1.0, 13, 1.0, 14, 3.0, 8, 8.0]"
Cs2Na1Al1P2O8,"[55, 2.0, 11, 1.0, 13, 1.0, 15, 2.0, 8, 8.0]"
Na1Al1S2O8,"[11, 1.0, 13, 1.0, 16, 2.0, 8, 8.0]"
Na3Al1As2O8,"[11, 3.0, 13, 1.0, 33, 2.0, 8, 8.0]"
Na7Al3O8,"[11, 7.0, 13, 3.0, 8, 8.0]"
K1Al1Si3O8,"[19, 1.0, 13, 1.0, 14, 3.0, 8, 8.0]"
K3Al1P2O8,"[19, 3.0, 13, 1.0, 15, 2.0, 8, 8.0]"
Rb1Al1S2O8,"[37, 1.0, 13, 1.0, 16, 2.0, 8, 8.0]"
K1Al1Mo2O8,"[19, 1.0, 13, 1.0, 42, 2.0, 8, 8.0]"
Rb1Al1Mo2O8,"[37, 1.0, 13, 1.0, 42, 2.0, 8, 8.0]"
Sr4Nb1Al1O8,"[38, 4.0, 41, 1.0, 13, 1.0, 8, 8.0]"
Cs1Al1Mo2O8,"[55, 1.0, 13, 1.0, 42, 2.0, 8, 8.0]"
Al1Tl1Mo2O8,"[13, 1.0, 81, 1.0, 42, 2.0, 8, 8.0]"
Ba1Al2Si2O8,"[56, 1.0, 13, 2.0, 14, 2.0, 8, 8.0]"
Al2Si2Pb1O8,"[13, 2.0, 14, 2.0, 82, 1.0, 8, 8.0]"
Ba1Al2Ge2O8,"[56, 1.0, 13, 2.0, 32, 2.0, 8, 8.0]"
Nd1Al3Pb2O8,"[60, 1.0, 13, 3.0, 82, 2.0, 8, 8.0]"
Sm1Al3Pb2O8,"[62, 1.0, 13, 3.0, 82, 2.0, 8, 8.0]"
Na5Al1P2O8F2,"[11, 5.0, 13, 1.0, 15, 2.0, 8, 8.0, 9, 2.0]"
K3Al4P2O8F9,"[19, 3.0, 13, 4.0, 15, 2.0, 8, 8.0, 9, 9.0]"
Al1P3O9,"[13, 1.0, 15, 3.0, 8, 9.0]"
Al1I3O9,"[13, 1.0, 53, 3.0, 8, 9.0]"
Cs2Al2P2O9,"[55, 2.0, 13, 2.0, 15, 2.0, 8, 9.0]"
Ca2Al2Sn2O9,"[20, 2.0, 13, 2.0, 50, 2.0, 8, 9.0]"
Al2Ga2Bi2O9,"[13, 2.0, 31, 2.0, 83, 2.0, 8, 9.0]"
Nd4Al2O9,"[60, 4.0, 13, 2.0, 8, 9.0]"
Sm4Al2O9,"[62, 4.0, 13, 2.0, 8, 9.0]"
Al4Bi2O9,"[13, 4.0, 83, 2.0, 8, 9.0]"
Ba2Al1Cu2F11,"[56, 2.0, 13, 1.0, 29, 2.0, 9, 11.0]"
Ba1Al1Ge1F1,"[56, 1.0, 13, 1.0, 32, 1.0, 9, 1.0]"
K2Na1Al3F12,"[19, 2.0, 11, 1.0, 13, 3.0, 9, 12.0]"
Rb2Na1Al3F12,"[37, 2.0, 11, 1.0, 13, 3.0, 9, 12.0]"
Cs2Na1Al3F12,"[55, 2.0, 11, 1.0, 13, 3.0, 9, 12.0]"
Ba3Al2F12,"[56, 3.0, 13, 2.0, 9, 12.0]"
Al2Pb3F12,"[13, 2.0, 82, 3.0, 9, 12.0]"
Na3Ca1Mg3Al1F14,"[11, 3.0, 20, 1.0, 12, 3.0, 13, 1.0, 9, 14.0]"
Na5Al3F14,"[11, 5.0, 13, 3.0, 9, 14.0]"
Ba2Ca1Mg1Al2F14,"[56, 2.0, 20, 1.0, 12, 1.0, 13, 2.0, 9, 14.0]"
Ba2Na2Sr1Al4F20,"[56, 2.0, 11, 2.0, 38, 1.0, 13, 4.0, 9, 20.0]"
Rb2Na1Al6F21,"[37, 2.0, 11, 1.0, 13, 6.0, 9, 21.0]"
Al1F3,"[13, 1.0, 9, 3.0]"
K1Al1F4,"[19, 1.0, 13, 1.0, 9, 4.0]"
Rb1Al1F4,"[37, 1.0, 13, 1.0, 9, 4.0]"
Cs1Al1F4,"[55, 1.0, 13, 1.0, 9, 4.0]"
Al1Tl1F4,"[13, 1.0, 81, 1.0, 9, 4.0]"
K2Al1F5,"[19, 2.0, 13, 1.0, 9, 5.0]"
Sr1Al1F5,"[38, 1.0, 13, 1.0, 9, 5.0]"
Ba1Al1F5,"[56, 1.0, 13, 1.0, 9, 5.0]"
Eu1Al1F5,"[63, 1.0, 13, 1.0, 9, 5.0]"
K2Na1Al1F6,"[19, 2.0, 11, 1.0, 13, 1.0, 9, 6.0]"
Na1Ca1Al1F6,"[11, 1.0, 20, 1.0, 13, 1.0, 9, 6.0]"
Rb2Na1Al1F6,"[37, 2.0, 11, 1.0, 13, 1.0, 9, 6.0]"
Na1Sr1Al1F6,"[11, 1.0, 38, 1.0, 13, 1.0, 9, 6.0]"
Na1Al1Cd1F6,"[11, 1.0, 13, 1.0, 48, 1.0, 9, 6.0]"
Cs2Na1Al1F6,"[55, 2.0, 11, 1.0, 13, 1.0, 9, 6.0]"
Ba1Na1Al1F6,"[56, 1.0, 11, 1.0, 13, 1.0, 9, 6.0]"
Na3Al1F6,"[11, 3.0, 13, 1.0, 9, 6.0]"
K1Rb2Al1F6,"[19, 1.0, 37, 2.0, 13, 1.0, 9, 6.0]"
K3Al1F6,"[19, 3.0, 13, 1.0, 9, 6.0]"
Rb1Al1Cu1F6,"[37, 1.0, 13, 1.0, 29, 1.0, 9, 6.0]"
Cs1Al1Cu1F6,"[55, 1.0, 13, 1.0, 29, 1.0, 9, 6.0]"
Cs1Al1Zn1F6,"[55, 1.0, 13, 1.0, 30, 1.0, 9, 6.0]"
Na2Mg1Al1F7,"[11, 2.0, 12, 1.0, 13, 1.0, 9, 7.0]"
Ba1Ca1Al1F7,"[56, 1.0, 20, 1.0, 13, 1.0, 9, 7.0]"
Al1Ni1Ag2F7,"[13, 1.0, 28, 1.0, 47, 2.0, 9, 7.0]"
Ca2Al1Pb1F9,"[20, 2.0, 13, 1.0, 82, 1.0, 9, 9.0]"
K1Ca1Al2F9,"[19, 1.0, 20, 1.0, 13, 2.0, 9, 9.0]"
