new_formula,composition_vector,is_superconductor
Rb4Mg3H10,"[37, 4.0, 12, 3.0, 1, 10.0]",1
Cs4Mg3H10,"[55, 4.0, 12, 3.0, 1, 10.0]",1
Ba2Mg3H10,"[56, 2.0, 12, 3.0, 1, 10.0]",1
Na1Mg1As1,"[11, 1.0, 12, 1.0, 33, 1.0]",1
Na1Mg1Sb1,"[11, 1.0, 12, 1.0, 51, 1.0]",1
K6Na14Mg1Tl18,"[19, 6.0, 11, 14.0, 12, 1.0, 81, 18.0]",0
Na2Mg1Sn1,"[11, 2.0, 12, 1.0, 50, 1.0]",1
Na2Mg1Pb1,"[11, 2.0, 12, 1.0, 82, 1.0]",1
Mg1H12N2O12,"[12, 1.0, 1, 12.0, 7, 2.0, 8, 12.0]",1
Rb1Mg1P1H12O10,"[37, 1.0, 12, 1.0, 15, 1.0, 1, 12.0, 8, 10.0]",1
Cs1Mg1P1H12O10,"[55, 1.0, 12, 1.0, 15, 1.0, 1, 12.0, 8, 10.0]",1
Mg1Tl1P1H12O10,"[12, 1.0, 81, 1.0, 15, 1.0, 1, 12.0, 8, 10.0]",1
Rb1Mg1As1H12O10,"[37, 1.0, 12, 1.0, 33, 1.0, 1, 12.0, 8, 10.0]",1
Cs1Mg1As1H12O10,"[55, 1.0, 12, 1.0, 33, 1.0, 1, 12.0, 8, 10.0]",1
Mg1Tl1As1H12O10,"[12, 1.0, 81, 1.0, 33, 1.0, 1, 12.0, 8, 10.0]",0
Mg1H12Br2O12,"[12, 1.0, 1, 12.0, 35, 2.0, 8, 12.0]",1
Rb2Mg1H12S2O14,"[37, 2.0, 12, 1.0, 1, 12.0, 16, 2.0, 8, 14.0]",1
Cs2Mg1H12S2O14,"[55, 2.0, 12, 1.0, 1, 12.0, 16, 2.0, 8, 14.0]",1
Mg1Tl2H12S2O14,"[12, 1.0, 81, 2.0, 1, 12.0, 16, 2.0, 8, 14.0]",1
K2Mg1H12Se2O14,"[19, 2.0, 12, 1.0, 1, 12.0, 34, 2.0, 8, 14.0]",1
Rb2Mg1H12Se2O14,"[37, 2.0, 12, 1.0, 1, 12.0, 34, 2.0, 8, 14.0]",1
Cs2Mg1H12Se2O14,"[55, 2.0, 12, 1.0, 1, 12.0, 34, 2.0, 8, 14.0]",1
Mg1Tl2H12Se2O14,"[12, 1.0, 81, 2.0, 1, 12.0, 34, 2.0, 8, 14.0]",1
Cs1Mg1H12Cl3O6,"[55, 1.0, 12, 1.0, 1, 12.0, 17, 3.0, 8, 6.0]",1
Mg1Zn2H12Br6O6,"[12, 1.0, 30, 2.0, 1, 12.0, 35, 6.0, 8, 6.0]",1
Mg1H12I8O6,"[12, 1.0, 1, 12.0, 53, 8.0, 8, 6.0]",1
Mg1H12Se1O9,"[12, 1.0, 1, 12.0, 34, 1.0, 8, 9.0]",1
Mg2Be3P3H13O19,"[12, 2.0, 4, 3.0, 15, 3.0, 1, 13.0, 8, 19.0]",1
Na4Mg1Si2Se6,"[11, 4.0, 12, 1.0, 14, 2.0, 34, 6.0]",1
Na4Mg1Ge2Se6,"[11, 4.0, 12, 1.0, 32, 2.0, 34, 6.0]",1
Mg1B1H1O3,"[12, 1.0, 5, 1.0, 1, 1.0, 8, 3.0]",1
Na6Mg1Cl8,"[11, 6.0, 12, 1.0, 17, 8.0]",1
Mg1H16I2O8,"[12, 1.0, 1, 16.0, 53, 2.0, 8, 8.0]",1
Mg1H1N1,"[12, 1.0, 1, 1.0, 7, 1.0]",1
Mg1H1O1F1,"[12, 1.0, 1, 1.0, 8, 1.0, 9, 1.0]",1
Mg2P1H1O5,"[12, 2.0, 15, 1.0, 1, 1.0, 8, 5.0]",1
Na1Mg2H1Se2O7,"[11, 1.0, 12, 2.0, 1, 1.0, 34, 2.0, 8, 7.0]",1
Na3Mg1P2H1O8,"[11, 3.0, 12, 1.0, 15, 2.0, 1, 1.0, 8, 8.0]",1
Mg1H18Br2O9,"[12, 1.0, 1, 18.0, 35, 2.0, 8, 9.0]",1
Mg1H18I2O9,"[12, 1.0, 1, 18.0, 53, 2.0, 8, 9.0]",1
Mg1H1Au2F11,"[12, 1.0, 1, 1.0, 79, 2.0, 9, 11.0]",1
Mg1U2P2H20O22,"[12, 1.0, 92, 2.0, 15, 2.0, 1, 20.0, 8, 22.0]",0
Mg1,"[12, 1.0]",1
La3Mg1Al1S7,"[57, 3.0, 12, 1.0, 13, 1.0, 16, 7.0]",1
Y1Mg1Al1,"[39, 1.0, 12, 1.0, 13, 1.0]",1
Mg1Al2S4,"[12, 1.0, 13, 2.0, 16, 4.0]",1
Mg1Al2Cl8,"[12, 1.0, 13, 2.0, 17, 8.0]",1
Mg1Al2Cu1,"[12, 1.0, 13, 2.0, 29, 1.0]",1
Ca4Mg1Al3,"[20, 4.0, 12, 1.0, 13, 3.0]",1
Mg1Si1P2,"[12, 1.0, 14, 1.0, 15, 2.0]",1
Mg1Cu2Si1S4,"[12, 1.0, 29, 2.0, 14, 1.0, 16, 4.0]",1
Ca1Mg1Si1,"[20, 1.0, 12, 1.0, 14, 1.0]",1
Mg1Cu2Si1Se4,"[12, 1.0, 29, 2.0, 14, 1.0, 34, 4.0]",1
Mg1Si1As2,"[12, 1.0, 14, 1.0, 33, 2.0]",1
Sr1Mg1Si1,"[38, 1.0, 12, 1.0, 14, 1.0]",1
Ba1Mg1Si1,"[56, 1.0, 12, 1.0, 14, 1.0]",1
Eu1Mg1Si1,"[63, 1.0, 12, 1.0, 14, 1.0]",1
Sr1Mg1Si2,"[38, 1.0, 12, 1.0, 14, 2.0]",1
Y2Mg1Si2,"[39, 2.0, 12, 1.0, 14, 2.0]",1
La1Mg1Si2,"[57, 1.0, 12, 1.0, 14, 2.0]",1
La2Mg1Si2,"[57, 2.0, 12, 1.0, 14, 2.0]",1
Ce1Mg1Si2,"[58, 1.0, 12, 1.0, 14, 2.0]",1
Ce2Mg1Si2,"[58, 2.0, 12, 1.0, 14, 2.0]",1
Pr1Mg1Si2,"[59, 1.0, 12, 1.0, 14, 2.0]",1
Pr2Mg1Si2,"[59, 2.0, 12, 1.0, 14, 2.0]",1
Nd1Mg1Si2,"[60, 1.0, 12, 1.0, 14, 2.0]",1
Nd2Mg1Si2,"[60, 2.0, 12, 1.0, 14, 2.0]",1
Sm2Mg1Si2,"[62, 2.0, 12, 1.0, 14, 2.0]",1
Gd2Mg1Si2,"[64, 2.0, 12, 1.0, 14, 2.0]",1
Tb2Mg1Si2,"[65, 2.0, 12, 1.0, 14, 2.0]",1
Dy2Mg1Si2,"[66, 2.0, 12, 1.0, 14, 2.0]",1
Ho2Mg1Si2,"[67, 2.0, 12, 1.0, 14, 2.0]",1
Er2Mg1Si2,"[68, 2.0, 12, 1.0, 14, 2.0]",1
Tm2Mg1Si2,"[69, 2.0, 12, 1.0, 14, 2.0]",1
Mg1Si7Ir3,"[12, 1.0, 14, 7.0, 77, 3.0]",1
Mg1P1S3,"[12, 1.0, 15, 1.0, 16, 3.0]",1
K1Mg1P1,"[19, 1.0, 12, 1.0, 15, 1.0]",1
Mg1Ni2P1,"[12, 1.0, 28, 2.0, 15, 1.0]",1
Mg1Cu1P1,"[12, 1.0, 29, 1.0, 15, 1.0]",1
Mg1P1Se3,"[12, 1.0, 15, 1.0, 34, 3.0]",1
Mg1P1Pd5,"[12, 1.0, 15, 1.0, 46, 5.0]",1
Mg1P1Pt5,"[12, 1.0, 15, 1.0, 78, 5.0]",1
K2Mg1P2Se6,"[19, 2.0, 12, 1.0, 15, 2.0, 34, 6.0]",1
Mg1P4,"[12, 1.0, 15, 4.0]",1
Mg1Co6P4,"[12, 1.0, 27, 6.0, 15, 4.0]",1
Mg1S1,"[12, 1.0, 16, 1.0]",1
Mg1Sc2S4,"[12, 1.0, 21, 2.0, 16, 4.0]",1
Mg1Ga2S4,"[12, 1.0, 31, 2.0, 16, 4.0]",1
Mg1In2S4,"[12, 1.0, 49, 2.0, 16, 4.0]",1
Lu2Mg1S4,"[71, 2.0, 12, 1.0, 16, 4.0]",1
Mg1Cl2,"[12, 1.0, 17, 2.0]",1
Rb1Mg1Cl3,"[37, 1.0, 12, 1.0, 17, 3.0]",1
Cs1Mg1Cl3,"[55, 1.0, 12, 1.0, 17, 3.0]",1
K2Mg1Cl4,"[19, 2.0, 12, 1.0, 17, 4.0]",1
Rb2Mg1Cl4,"[37, 2.0, 12, 1.0, 17, 4.0]",1
K1Mg1As1,"[19, 1.0, 12, 1.0, 33, 1.0]",1
K1Mg1Sb1,"[19, 1.0, 12, 1.0, 51, 1.0]",1
K1Mg1Bi1,"[19, 1.0, 12, 1.0, 83, 1.0]",0
Ca1Mg1Ge1,"[20, 1.0, 12, 1.0, 32, 1.0]",1
Ca1Mg1Pd1,"[20, 1.0, 12, 1.0, 46, 1.0]",1
Ca1Mg1Sn1,"[20, 1.0, 12, 1.0, 50, 1.0]",1
Ca1Mg1Pb1,"[20, 1.0, 12, 1.0, 82, 1.0]",1
Ca2Mg1Pd2,"[20, 2.0, 12, 1.0, 46, 2.0]",1
Ca2Mg1Pt2,"[20, 2.0, 12, 1.0, 78, 2.0]",1
Mg1H2,"[12, 1.0, 1, 2.0]",1
Mg1Sc1,"[12, 1.0, 21, 1.0]",1
Mg1Sc2Ga2,"[12, 1.0, 21, 2.0, 31, 2.0]",1
Mg1Sc2Ru1,"[12, 1.0, 21, 2.0, 44, 1.0]",1
Mg1Sc3Ru2,"[12, 1.0, 21, 3.0, 44, 2.0]",1
Mg1Mn1Ge1,"[12, 1.0, 25, 1.0, 32, 1.0]",1
Mg1Mn6Ge6,"[12, 1.0, 25, 6.0, 32, 6.0]",1
Ce1Mg12,"[58, 1.0, 12, 12.0]",1
Mg1Fe6Ge6,"[12, 1.0, 26, 6.0, 32, 6.0]",1
Mg1Co1Ge1,"[12, 1.0, 27, 1.0, 32, 1.0]",1
Y4Mg1Co1,"[39, 4.0, 12, 1.0, 27, 1.0]",1
La4Mg1Co1,"[57, 4.0, 12, 1.0, 27, 1.0]",1
Pr4Mg1Co1,"[59, 4.0, 12, 1.0, 27, 1.0]",1
Nd4Mg1Co1,"[60, 4.0, 12, 1.0, 27, 1.0]",1
Tb4Mg1Co1,"[65, 4.0, 12, 1.0, 27, 1.0]",1
Dy4Mg1Co1,"[66, 4.0, 12, 1.0, 27, 1.0]",1
Ho4Mg1Co1,"[67, 4.0, 12, 1.0, 27, 1.0]",1
Er4Mg1Co1,"[68, 4.0, 12, 1.0, 27, 1.0]",1
Tm4Mg1Co1,"[69, 4.0, 12, 1.0, 27, 1.0]",1
Mg1Co4Ge6,"[12, 1.0, 27, 4.0, 32, 6.0]",1
Tb1Mg1Co4,"[65, 1.0, 12, 1.0, 27, 4.0]",1
Mg1Ni1Ge1,"[12, 1.0, 28, 1.0, 32, 1.0]",1
Y4Mg1Ni1,"[39, 4.0, 12, 1.0, 28, 1.0]",1
Mg1Ni1Sb1,"[12, 1.0, 28, 1.0, 51, 1.0]",1
Tb4Mg1Ni1,"[65, 4.0, 12, 1.0, 28, 1.0]",1
Dy4Mg1Ni1,"[66, 4.0, 12, 1.0, 28, 1.0]",1
Ho4Mg1Ni1,"[67, 4.0, 12, 1.0, 28, 1.0]",1
Er4Mg1Ni1,"[68, 4.0, 12, 1.0, 28, 1.0]",1
Tm4Mg1Ni1,"[69, 4.0, 12, 1.0, 28, 1.0]",1
Lu4Mg1Ni1,"[71, 4.0, 12, 1.0, 28, 1.0]",1
Mg1Ni1Bi1,"[12, 1.0, 28, 1.0, 83, 1.0]",0
Mg1Ni2,"[12, 1.0, 28, 2.0]",1
Mg1In1Ni2,"[12, 1.0, 49, 1.0, 28, 2.0]",1
Mg1Ni2Sn1,"[12, 1.0, 28, 2.0, 50, 1.0]",1
La2Mg1Ni2,"[57, 2.0, 12, 1.0, 28, 2.0]",1
Ce2Mg1Ni2,"[58, 2.0, 12, 1.0, 28, 2.0]",1
Pr2Mg1Ni2,"[59, 2.0, 12, 1.0, 28, 2.0]",1
Nd2Mg1Ni2,"[60, 2.0, 12, 1.0, 28, 2.0]",1
Gd2Mg1Ni2,"[64, 2.0, 12, 1.0, 28, 2.0]",1
Tb2Mg1Ni2,"[65, 2.0, 12, 1.0, 28, 2.0]",1
Dy2Mg1Ni2,"[66, 2.0, 12, 1.0, 28, 2.0]",1
Ho2Mg1Ni2,"[67, 2.0, 12, 1.0, 28, 2.0]",1
Er2Mg1Ni2,"[68, 2.0, 12, 1.0, 28, 2.0]",1
Tm2Mg1Ni2,"[69, 2.0, 12, 1.0, 28, 2.0]",1
Y1Mg1Ni4,"[39, 1.0, 12, 1.0, 28, 4.0]",1
La1Mg1Ni4,"[57, 1.0, 12, 1.0, 28, 4.0]",1
Ce1Mg1Ni4,"[58, 1.0, 12, 1.0, 28, 4.0]",1
Pr1Mg1Ni4,"[59, 1.0, 12, 1.0, 28, 4.0]",1
Nd1Mg1Ni4,"[60, 1.0, 12, 1.0, 28, 4.0]",1
Gd1Mg1Ni4,"[64, 1.0, 12, 1.0, 28, 4.0]",1
Y1Mg1Cu1,"[39, 1.0, 12, 1.0, 29, 1.0]",1
Mg1Cu1Sn1,"[12, 1.0, 29, 1.0, 50, 1.0]",1
Mg1Cu1Sb1,"[12, 1.0, 29, 1.0, 51, 1.0]",1
La1Mg1Cu1,"[57, 1.0, 12, 1.0, 29, 1.0]",1
Mg1Cu2,"[12, 1.0, 29, 2.0]",1
Y2Mg1Cu2,"[39, 2.0, 12, 1.0, 29, 2.0]",1
La1Mg1Cu2,"[57, 1.0, 12, 1.0, 29, 2.0]",1
La2Mg1Cu2,"[57, 2.0, 12, 1.0, 29, 2.0]",1
Pr2Mg1Cu2,"[59, 2.0, 12, 1.0, 29, 2.0]",1
Nd2Mg1Cu2,"[60, 2.0, 12, 1.0, 29, 2.0]",1
Sm2Mg1Cu2,"[62, 2.0, 12, 1.0, 29, 2.0]",1
Tb2Mg1Cu2,"[65, 2.0, 12, 1.0, 29, 2.0]",1
Dy2Mg1Cu2,"[66, 2.0, 12, 1.0, 29, 2.0]",1
Ho2Mg1Cu2,"[67, 2.0, 12, 1.0, 29, 2.0]",1
Er2Mg1Cu2,"[68, 2.0, 12, 1.0, 29, 2.0]",1
Tm2Mg1Cu2,"[69, 2.0, 12, 1.0, 29, 2.0]",1
Y1Mg1Cu4,"[39, 1.0, 12, 1.0, 29, 4.0]",1
Mg1In1Cu4,"[12, 1.0, 49, 1.0, 29, 4.0]",1
Mg1Cu4Sn1,"[12, 1.0, 29, 4.0, 50, 1.0]",1
Nd1Mg1Cu4,"[60, 1.0, 12, 1.0, 29, 4.0]",1
Y1Mg1Zn1,"[39, 1.0, 12, 1.0, 30, 1.0]",1
Mg1Zn1Ag2,"[12, 1.0, 30, 1.0, 47, 2.0]",1
Mg1Zn2,"[12, 1.0, 30, 2.0]",1
Ce1Mg1Zn2,"[58, 1.0, 12, 1.0, 30, 2.0]",1
Mg1Ga1,"[12, 1.0, 31, 1.0]",1
Y1Mg1Ga1,"[39, 1.0, 12, 1.0, 31, 1.0]",1
La1Mg1Ga1,"[57, 1.0, 12, 1.0, 31, 1.0]",1
Ce1Mg1Ga1,"[58, 1.0, 12, 1.0, 31, 1.0]",1
Pr1Mg1Ga1,"[59, 1.0, 12, 1.0, 31, 1.0]",1
Nd1Mg1Ga1,"[60, 1.0, 12, 1.0, 31, 1.0]",1
Sm1Mg1Ga1,"[62, 1.0, 12, 1.0, 31, 1.0]",1
Gd1Mg1Ga1,"[64, 1.0, 12, 1.0, 31, 1.0]",1
Tb1Mg1Ga1,"[65, 1.0, 12, 1.0, 31, 1.0]",1
Dy1Mg1Ga1,"[66, 1.0, 12, 1.0, 31, 1.0]",1
Ho1Mg1Ga1,"[67, 1.0, 12, 1.0, 31, 1.0]",1
Er1Mg1Ga1,"[68, 1.0, 12, 1.0, 31, 1.0]",1
Tm1Mg1Ga1,"[69, 1.0, 12, 1.0, 31, 1.0]",1
Mg1Ga1Au1,"[12, 1.0, 31, 1.0, 79, 1.0]",0
Mg1Ga1Au2,"[12, 1.0, 31, 1.0, 79, 2.0]",0
Sr1Mg1Ge1,"[38, 1.0, 12, 1.0, 32, 1.0]",1
Ba1Mg1Ge1,"[56, 1.0, 12, 1.0, 32, 1.0]",1
Eu1Mg1Ge1,"[63, 1.0, 12, 1.0, 32, 1.0]",1
Y2Mg1Ge2,"[39, 2.0, 12, 1.0, 32, 2.0]",1
Ce2Mg1Ge2,"[58, 2.0, 12, 1.0, 32, 2.0]",1
Pr2Mg1Ge2,"[59, 2.0, 12, 1.0, 32, 2.0]",1
Nd2Mg1Ge2,"[60, 2.0, 12, 1.0, 32, 2.0]",1
Sm2Mg1Ge2,"[62, 2.0, 12, 1.0, 32, 2.0]",1
Gd2Mg1Ge2,"[64, 2.0, 12, 1.0, 32, 2.0]",1
Tb2Mg1Ge2,"[65, 2.0, 12, 1.0, 32, 2.0]",1
Dy2Mg1Ge2,"[66, 2.0, 12, 1.0, 32, 2.0]",1
Ho2Mg1Ge2,"[67, 2.0, 12, 1.0, 32, 2.0]",1
Er2Mg1Ge2,"[68, 2.0, 12, 1.0, 32, 2.0]",1
Tm2Mg1Ge2,"[69, 2.0, 12, 1.0, 32, 2.0]",1
Lu2Mg1Ge2,"[71, 2.0, 12, 1.0, 32, 2.0]",1
Cs2Mg1Ge3Se8,"[55, 2.0, 12, 1.0, 32, 3.0, 34, 8.0]",1
Ba2Mg1Ge4Ir4,"[56, 2.0, 12, 1.0, 32, 4.0, 77, 4.0]",0
Lu4Mg1Ge4,"[71, 4.0, 12, 1.0, 32, 4.0]",1
Y5Mg13Cu5,"[39, 5.0, 12, 13.0, 29, 5.0]",1
Sm3Mg13Zn30,"[62, 3.0, 12, 13.0, 30, 30.0]",1
Mg1As1Pt5,"[12, 1.0, 33, 1.0, 78, 5.0]",0
Mg1As4,"[12, 1.0, 33, 4.0]",1
Mg1Se1,"[12, 1.0, 34, 1.0]",1
Mg1U8Se17,"[12, 1.0, 92, 8.0, 34, 17.0]",1
Mg1Se2,"[12, 1.0, 34, 2.0]",1
Lu2Mg1Se4,"[71, 2.0, 12, 1.0, 34, 4.0]",1
Cs2Mg1Sn3Se8,"[55, 2.0, 12, 1.0, 50, 3.0, 34, 8.0]",1
Mg1Br2,"[12, 1.0, 35, 2.0]",1
Cs1Mg1Br3,"[55, 1.0, 12, 1.0, 35, 3.0]",1
Mg13Au41,"[12, 13.0, 79, 41.0]",1
Sr1Mg1In3,"[38, 1.0, 12, 1.0, 49, 3.0]",1
Sr1Mg1Sn1,"[38, 1.0, 12, 1.0, 50, 1.0]",1
Sr1Mg1Pt1,"[38, 1.0, 12, 1.0, 78, 1.0]",1
Sr1Mg1Pb1,"[38, 1.0, 12, 1.0, 82, 1.0]",1
Y1Mg1,"[39, 1.0, 12, 1.0]",1
Y1Mg1Pd1,"[39, 1.0, 12, 1.0, 46, 1.0]",1
Y1Mg1Ag1,"[39, 1.0, 12, 1.0, 47, 1.0]",1
Y1Mg1In1,"[39, 1.0, 12, 1.0, 49, 1.0]",1
Y1Mg1Au1,"[39, 1.0, 12, 1.0, 79, 1.0]",0
Y1Mg1Tl1,"[39, 1.0, 12, 1.0, 81, 1.0]",1
Y4Mg1Rh1,"[39, 4.0, 12, 1.0, 45, 1.0]",1
Y4Mg1Ir1,"[39, 4.0, 12, 1.0, 77, 1.0]",1
Y4Mg1Pt1,"[39, 4.0, 12, 1.0, 78, 1.0]",1
Mg1Sn4Ru1,"[12, 1.0, 50, 4.0, 44, 1.0]",1
La4Mg1Ru1,"[57, 4.0, 12, 1.0, 44, 1.0]",1
Pr4Mg1Ru1,"[59, 4.0, 12, 1.0, 44, 1.0]",1
Nd4Mg1Ru1,"[60, 4.0, 12, 1.0, 44, 1.0]",1
Sm4Mg1Ru1,"[62, 4.0, 12, 1.0, 44, 1.0]",1
Gd4Mg1Ru1,"[64, 4.0, 12, 1.0, 44, 1.0]",1
Tb4Mg1Ru1,"[65, 4.0, 12, 1.0, 44, 1.0]",1
Dy4Mg1Ru1,"[66, 4.0, 12, 1.0, 44, 1.0]",1
Ho4Mg1Ru1,"[67, 4.0, 12, 1.0, 44, 1.0]",1
Mg1Rh1,"[12, 1.0, 45, 1.0]",1
Ce1Mg1In3Rh1,"[58, 1.0, 12, 1.0, 49, 3.0, 45, 1.0]",1
La1Mg1Rh1,"[57, 1.0, 12, 1.0, 45, 1.0]",1
La4Mg1Rh1,"[57, 4.0, 12, 1.0, 45, 1.0]",1
Ce1Mg1Rh1,"[58, 1.0, 12, 1.0, 45, 1.0]",1
Pr1Mg1Rh1,"[59, 1.0, 12, 1.0, 45, 1.0]",1
Pr4Mg1Rh1,"[59, 4.0, 12, 1.0, 45, 1.0]",1
Nd1Mg1Rh1,"[60, 1.0, 12, 1.0, 45, 1.0]",1
Nd4Mg1Rh1,"[60, 4.0, 12, 1.0, 45, 1.0]",1
Sm4Mg1Rh1,"[62, 4.0, 12, 1.0, 45, 1.0]",1
Gd4Mg1Rh1,"[64, 4.0, 12, 1.0, 45, 1.0]",1
Tb4Mg1Rh1,"[65, 4.0, 12, 1.0, 45, 1.0]",1
Dy4Mg1Rh1,"[66, 4.0, 12, 1.0, 45, 1.0]",1
Ho4Mg1Rh1,"[67, 4.0, 12, 1.0, 45, 1.0]",1
Er4Mg1Rh1,"[68, 4.0, 12, 1.0, 45, 1.0]",1
Tm4Mg1Rh1,"[69, 4.0, 12, 1.0, 45, 1.0]",1
Lu4Mg1Rh1,"[71, 4.0, 12, 1.0, 45, 1.0]",1
Mg1Pd1,"[12, 1.0, 46, 1.0]",1
Mg1Sb1Pd1,"[12, 1.0, 51, 1.0, 46, 1.0]",1
La1Mg1Pd1,"[57, 1.0, 12, 1.0, 46, 1.0]",1
Ce1Mg1Pd1,"[58, 1.0, 12, 1.0, 46, 1.0]",1
Pr1Mg1Pd1,"[59, 1.0, 12, 1.0, 46, 1.0]",1
Nd1Mg1Pd1,"[60, 1.0, 12, 1.0, 46, 1.0]",1
Sm1Mg1Pd1,"[62, 1.0, 12, 1.0, 46, 1.0]",1
Eu1Mg1Pd1,"[63, 1.0, 12, 1.0, 46, 1.0]",1
Gd1Mg1Pd1,"[64, 1.0, 12, 1.0, 46, 1.0]",1
Tb1Mg1Pd1,"[65, 1.0, 12, 1.0, 46, 1.0]",1
Dy1Mg1Pd1,"[66, 1.0, 12, 1.0, 46, 1.0]",0
Ho1Mg1Pd1,"[67, 1.0, 12, 1.0, 46, 1.0]",1
Er1Mg1Pd1,"[68, 1.0, 12, 1.0, 46, 1.0]",1
Tm1Mg1Pd1,"[69, 1.0, 12, 1.0, 46, 1.0]",1
Mg1Pd2,"[12, 1.0, 46, 2.0]",1
Dy2Mg1Pd2,"[66, 2.0, 12, 1.0, 46, 2.0]",1
Mg1Pd3,"[12, 1.0, 46, 3.0]",1
Mg1Ag1,"[12, 1.0, 47, 1.0]",1
Mg1Ag1Sb1,"[12, 1.0, 47, 1.0, 51, 1.0]",1
La1Mg1Ag1,"[57, 1.0, 12, 1.0, 47, 1.0]",1
Pr1Mg1Ag1,"[59, 1.0, 12, 1.0, 47, 1.0]",1
Nd1Mg1Ag1,"[60, 1.0, 12, 1.0, 47, 1.0]",1
Sm1Mg1Ag1,"[62, 1.0, 12, 1.0, 47, 1.0]",0
Eu1Mg1Ag1,"[63, 1.0, 12, 1.0, 47, 1.0]",1
Tb1Mg1Ag1,"[65, 1.0, 12, 1.0, 47, 1.0]",1
Dy1Mg1Ag1,"[66, 1.0, 12, 1.0, 47, 1.0]",1
Ho1Mg1Ag1,"[67, 1.0, 12, 1.0, 47, 1.0]",1
Er1Mg1Ag1,"[68, 1.0, 12, 1.0, 47, 1.0]",1
Tm1Mg1Ag1,"[69, 1.0, 12, 1.0, 47, 1.0]",1
Mg1Cd1Ag2,"[12, 1.0, 48, 1.0, 47, 2.0]",1
Mg1In1Ag2,"[12, 1.0, 49, 1.0, 47, 2.0]",1
Mg1Cd1,"[12, 1.0, 48, 1.0]",1
Mg1In1,"[12, 1.0, 49, 1.0]",1
Pr1Mg1In1,"[59, 1.0, 12, 1.0, 49, 1.0]",1
Nd1Mg1In1,"[60, 1.0, 12, 1.0, 49, 1.0]",1
Sm1Mg1In1,"[62, 1.0, 12, 1.0, 49, 1.0]",1
Gd1Mg1In1,"[64, 1.0, 12, 1.0, 49, 1.0]",1
Tb1Mg1In1,"[65, 1.0, 12, 1.0, 49, 1.0]",1
Dy1Mg1In1,"[66, 1.0, 12, 1.0, 49, 1.0]",1
Ho1Mg1In1,"[67, 1.0, 12, 1.0, 49, 1.0]",1
Er1Mg1In1,"[68, 1.0, 12, 1.0, 49, 1.0]",1
Tm1Mg1In1,"[69, 1.0, 12, 1.0, 49, 1.0]",1
Lu1Mg1In1,"[71, 1.0, 12, 1.0, 49, 1.0]",1
Ce1Mg1Sn1,"[58, 1.0, 12, 1.0, 50, 1.0]",1
Pr1Mg1Sn1,"[59, 1.0, 12, 1.0, 50, 1.0]",1
Nd1Mg1Sn1,"[60, 1.0, 12, 1.0, 50, 1.0]",1
Eu1Mg1Sn1,"[63, 1.0, 12, 1.0, 50, 1.0]",1
Tb1Mg1Sn1,"[65, 1.0, 12, 1.0, 50, 1.0]",1
Dy1Mg1Sn1,"[66, 1.0, 12, 1.0, 50, 1.0]",0
Ho1Mg1Sn1,"[67, 1.0, 12, 1.0, 50, 1.0]",1
Er1Mg1Sn1,"[68, 1.0, 12, 1.0, 50, 1.0]",1
Tm1Mg1Sn1,"[69, 1.0, 12, 1.0, 50, 1.0]",1
Mg1Sn1Au1,"[12, 1.0, 50, 1.0, 79, 1.0]",1
Mg1Sb1Pt1,"[12, 1.0, 51, 1.0, 78, 1.0]",0
Mg15Si2Ir5,"[12, 15.0, 14, 2.0, 77, 5.0]",1
Mg1Te1,"[12, 1.0, 52, 1.0]",1
Mg1Te2,"[12, 1.0, 52, 2.0]",1
Mg1I2,"[12, 1.0, 53, 2.0]",1
Cs1Mg1I3,"[55, 1.0, 12, 1.0, 53, 3.0]",1
La1Mg1Au1,"[57, 1.0, 12, 1.0, 79, 1.0]",0
La1Mg1Tl1,"[57, 1.0, 12, 1.0, 81, 1.0]",0
La4Mg1Ir1,"[57, 4.0, 12, 1.0, 77, 1.0]",0
Ce1Mg1Pt1,"[58, 1.0, 12, 1.0, 78, 1.0]",1
Ce1Mg1Tl1,"[58, 1.0, 12, 1.0, 81, 1.0]",1
Pr1Mg1,"[59, 1.0, 12, 1.0]",1
Pr1Mg1Pt1,"[59, 1.0, 12, 1.0, 78, 1.0]",0
Pr1Mg1Tl1,"[59, 1.0, 12, 1.0, 81, 1.0]",1
Pr4Mg1Ir1,"[59, 4.0, 12, 1.0, 77, 1.0]",0
Nd1Mg1,"[60, 1.0, 12, 1.0]",1
Nd1Mg1Pt1,"[60, 1.0, 12, 1.0, 78, 1.0]",1
Nd1Mg1Au1,"[60, 1.0, 12, 1.0, 79, 1.0]",1
Nd1Mg1Tl1,"[60, 1.0, 12, 1.0, 81, 1.0]",1
Nd4Mg1Ir1,"[60, 4.0, 12, 1.0, 77, 1.0]",1
Pm1Mg1,"[61, 1.0, 12, 1.0]",1
Sm1Mg1,"[62, 1.0, 12, 1.0]",1
Sm1Mg1Pt1,"[62, 1.0, 12, 1.0, 78, 1.0]",0
Sm1Mg1Au1,"[62, 1.0, 12, 1.0, 79, 1.0]",0
Sm1Mg1Tl1,"[62, 1.0, 12, 1.0, 81, 1.0]",1
Sm4Mg1Ir1,"[62, 4.0, 12, 1.0, 77, 1.0]",1
Sm4Mg1Pt1,"[62, 4.0, 12, 1.0, 78, 1.0]",0
Eu1Mg1Tl1,"[63, 1.0, 12, 1.0, 81, 1.0]",1
Eu1Mg1Pb1,"[63, 1.0, 12, 1.0, 82, 1.0]",0
Gd1Mg1,"[64, 1.0, 12, 1.0]",1
Gd1Mg1Pt1,"[64, 1.0, 12, 1.0, 78, 1.0]",1
Gd1Mg1Au1,"[64, 1.0, 12, 1.0, 79, 1.0]",0
Gd1Mg1Tl1,"[64, 1.0, 12, 1.0, 81, 1.0]",1
Tb1Mg1,"[65, 1.0, 12, 1.0]",1
Tb1Mg1Au1,"[65, 1.0, 12, 1.0, 79, 1.0]",1
Tb1Mg1Tl1,"[65, 1.0, 12, 1.0, 81, 1.0]",1
Tb4Mg1Ir1,"[65, 4.0, 12, 1.0, 77, 1.0]",0
Dy1Mg1,"[66, 1.0, 12, 1.0]",1
Dy1Mg1Au1,"[66, 1.0, 12, 1.0, 79, 1.0]",1
Dy1Mg1Tl1,"[66, 1.0, 12, 1.0, 81, 1.0]",0
Dy4Mg1Ir1,"[66, 4.0, 12, 1.0, 77, 1.0]",1
Ho1Mg1,"[67, 1.0, 12, 1.0]",1
Ho1Mg1Tl1,"[67, 1.0, 12, 1.0, 81, 1.0]",1
Er1Mg1,"[68, 1.0, 12, 1.0]",1
Er1Mg1Au1,"[68, 1.0, 12, 1.0, 79, 1.0]",1
Er1Mg1Tl1,"[68, 1.0, 12, 1.0, 81, 1.0]",1
Tm1Mg1,"[69, 1.0, 12, 1.0]",1
Tm1Mg1Au1,"[69, 1.0, 12, 1.0, 79, 1.0]",1
Tm1Mg1Tl1,"[69, 1.0, 12, 1.0, 81, 1.0]",1
Lu1Mg1,"[71, 1.0, 12, 1.0]",1
Lu1Mg1Tl1,"[71, 1.0, 12, 1.0, 81, 1.0]",1
Mg17Al12,"[12, 17.0, 13, 12.0]",1
Ce2Mg17Ru4,"[58, 2.0, 12, 17.0, 44, 4.0]",1
Ba2Mg17,"[56, 2.0, 12, 17.0]",1
Mg1Ir1,"[12, 1.0, 77, 1.0]",1
Mg1Ir2,"[12, 1.0, 77, 2.0]",1
Mg1Pt1,"[12, 1.0, 78, 1.0]",1
Mg1Pt7,"[12, 1.0, 78, 7.0]",1
Mg1Au1,"[12, 1.0, 79, 1.0]",0
Mg1Hg1,"[12, 1.0, 80, 1.0]",0
Mg1Tl1,"[12, 1.0, 81, 1.0]",1
Ba5Mg18Si13,"[56, 5.0, 12, 18.0, 14, 13.0]",1
Ce20Mg19Zn81,"[58, 20.0, 12, 19.0, 30, 81.0]",0
Sr5Mg19Ge12,"[38, 5.0, 12, 19.0, 32, 12.0]",1
Ca4Mg4Fe3H22,"[20, 4.0, 12, 4.0, 26, 3.0, 1, 22.0]",1
Mg21Zn25,"[12, 21.0, 30, 25.0]",1
Mg2Al2Se5,"[12, 2.0, 13, 2.0, 34, 5.0]",1
Mg2Al5Cu6,"[12, 2.0, 13, 5.0, 29, 6.0]",1
Mg2Si1,"[12, 2.0, 14, 1.0]",1
Mg2Si1S4,"[12, 2.0, 14, 1.0, 16, 4.0]",1
Mg2Si1Ni3,"[12, 2.0, 14, 1.0, 28, 3.0]",1
Mg2Cu3Si1,"[12, 2.0, 29, 3.0, 14, 1.0]",1
Mg2Si1Se4,"[12, 2.0, 14, 1.0, 34, 4.0]",1
Mg2Si1Pt1,"[12, 2.0, 14, 1.0, 78, 1.0]",1
Ba1Mg2Si2,"[56, 1.0, 12, 2.0, 14, 2.0]",1
La1Mg2Si2,"[57, 1.0, 12, 2.0, 14, 2.0]",1
Ce1Mg2Si2,"[58, 1.0, 12, 2.0, 14, 2.0]",1
Mg2Ni3P1,"[12, 2.0, 28, 3.0, 15, 1.0]",1
Ba1Mg2P2,"[56, 1.0, 12, 2.0, 15, 2.0]",1
Eu1Mg2P2,"[63, 1.0, 12, 2.0, 15, 2.0]",1
Mg2Co12P7,"[12, 2.0, 27, 12.0, 15, 7.0]",1
Mg2Ge1S4,"[12, 2.0, 32, 1.0, 16, 4.0]",1
Ca1Mg2,"[20, 1.0, 12, 2.0]",1
Ca10Mg2Sb9,"[20, 10.0, 12, 2.0, 51, 9.0]",1
Ca1Mg2As2,"[20, 1.0, 12, 2.0, 33, 2.0]",1
Ca1Mg2Sb2,"[20, 1.0, 12, 2.0, 51, 2.0]",1
Ca1Mg2Bi2,"[20, 1.0, 12, 2.0, 83, 2.0]",1
Mg2Mn1Ga3,"[12, 2.0, 25, 1.0, 31, 3.0]",1
Mg2Co12As7,"[12, 2.0, 27, 12.0, 33, 7.0]",1
Mg2Ni1,"[12, 2.0, 28, 1.0]",1
La1Mg2Ni1,"[57, 1.0, 12, 2.0, 28, 1.0]",1
Ce1Mg2Ni9,"[58, 1.0, 12, 2.0, 28, 9.0]",1
Mg2Cu1,"[12, 2.0, 29, 1.0]",1
Mg2Ga5Cu6,"[12, 2.0, 31, 5.0, 29, 6.0]",1
Y1Mg2Cu9,"[39, 1.0, 12, 2.0, 29, 9.0]",1
La1Mg2Cu9,"[57, 1.0, 12, 2.0, 29, 9.0]",1
Pr1Mg2Cu9,"[59, 1.0, 12, 2.0, 29, 9.0]",1
Nd1Mg2Cu9,"[60, 1.0, 12, 2.0, 29, 9.0]",1
Sm1Mg2Cu9,"[62, 1.0, 12, 2.0, 29, 9.0]",1
Eu1Mg2Cu9,"[63, 1.0, 12, 2.0, 29, 9.0]",1
Tb1Mg2Cu9,"[65, 1.0, 12, 2.0, 29, 9.0]",1
Dy1Mg2Cu9,"[66, 1.0, 12, 2.0, 29, 9.0]",1
Ho1Mg2Cu9,"[67, 1.0, 12, 2.0, 29, 9.0]",1
Mg2Zn11,"[12, 2.0, 30, 11.0]",1
Mg2Ga1,"[12, 2.0, 31, 1.0]",1
Eu1Mg2Ga2,"[63, 1.0, 12, 2.0, 31, 2.0]",1
La6Mg23Si1,"[57, 6.0, 12, 23.0, 14, 1.0]",1
Mg2Ga5,"[12, 2.0, 31, 5.0]",1
La6Mg23P1,"[57, 6.0, 12, 23.0, 15, 1.0]",1
Mg2Ge1,"[12, 2.0, 32, 1.0]",1
Mg2Ge1Se4,"[12, 2.0, 32, 1.0, 34, 4.0]",1
Ba1Mg2Ge2,"[56, 1.0, 12, 2.0, 32, 2.0]",1
Sr1Mg2As2,"[38, 1.0, 12, 2.0, 33, 2.0]",1
Ba1Mg2As2,"[56, 1.0, 12, 2.0, 33, 2.0]",1
Eu1Mg2As2,"[63, 1.0, 12, 2.0, 33, 2.0]",1
Ce6Mg23As1,"[58, 6.0, 12, 23.0, 33, 1.0]",1
La6Mg23Sb1,"[57, 6.0, 12, 23.0, 51, 1.0]",0
Ba6Mg23,"[56, 6.0, 12, 23.0]",1
Sr1Mg2,"[38, 1.0, 12, 2.0]",1
Sr1Mg2Pd1,"[38, 1.0, 12, 2.0, 46, 1.0]",1
Sr1Mg2Sb2,"[38, 1.0, 12, 2.0, 51, 2.0]",1
Sr1Mg2Bi2,"[38, 1.0, 12, 2.0, 83, 2.0]",0
Er2Mg2Ru1,"[68, 2.0, 12, 2.0, 44, 1.0]",1
Mg2Rh1,"[12, 2.0, 45, 1.0]",1
La1Mg2Pd1,"[57, 1.0, 12, 2.0, 46, 1.0]",1
Tm5Mg24,"[69, 5.0, 12, 24.0]",1
Mg2Sn1,"[12, 2.0, 50, 1.0]",1
Ba1Mg2Sn2,"[56, 1.0, 12, 2.0, 50, 2.0]",1
Ba1Mg2Sb2,"[56, 1.0, 12, 2.0, 51, 2.0]",1
Ba1Mg2,"[56, 1.0, 12, 2.0]",1
Ba1Mg2Pb2,"[56, 1.0, 12, 2.0, 82, 2.0]",1
Ba1Mg2Bi2,"[56, 1.0, 12, 2.0, 83, 2.0]",0
Eu1Mg2,"[63, 1.0, 12, 2.0]",1
Eu1Mg2Bi2,"[63, 1.0, 12, 2.0, 83, 2.0]",1
Gd1Mg2,"[64, 1.0, 12, 2.0]",1
Mg2Ir3,"[12, 2.0, 77, 3.0]",1
Mg2Pt1,"[12, 2.0, 78, 1.0]",1
Mg2Au1,"[12, 2.0, 79, 1.0]",1
Mg2Pb1,"[12, 2.0, 82, 1.0]",1
Mg3Ti2Al18,"[12, 3.0, 22, 2.0, 13, 18.0]",1
Mg3Al18V2,"[12, 3.0, 13, 18.0, 23, 2.0]",1
Mg3Al18Cr2,"[12, 3.0, 13, 18.0, 24, 2.0]",1
Mg3Al18Mo2,"[12, 3.0, 13, 18.0, 42, 2.0]",1
Mg3Ta2Al18,"[12, 3.0, 73, 2.0, 13, 18.0]",1
Mg3Al18W2,"[12, 3.0, 13, 18.0, 74, 2.0]",0
Ba2Mg3Si4,"[56, 2.0, 12, 3.0, 14, 4.0]",1
Mg3Si8Ir3,"[12, 3.0, 14, 8.0, 77, 3.0]",1
Mg3P2,"[12, 3.0, 15, 2.0]",1
Mg3Ni20P6,"[12, 3.0, 28, 20.0, 15, 6.0]",1
Mg3Ti1Ni2,"[12, 3.0, 22, 1.0, 28, 2.0]",1
Li2Mg1H2N2,"[3, 2.0, 12, 1.0, 1, 2.0, 7, 2.0]",1
Mg3Ga7Co2,"[12, 3.0, 31, 7.0, 27, 2.0]",1
Pr4Mg3Co2,"[59, 4.0, 12, 3.0, 27, 2.0]",1
Nd4Mg3Co2,"[60, 4.0, 12, 3.0, 27, 2.0]",1
Sm4Mg3Co2,"[62, 4.0, 12, 3.0, 27, 2.0]",1
Tb4Mg3Co2,"[65, 4.0, 12, 3.0, 27, 2.0]",1
Dy4Mg3Co2,"[66, 4.0, 12, 3.0, 27, 2.0]",1
Tb2Mg3Ni2,"[65, 2.0, 12, 3.0, 28, 2.0]",1
Mg3As2,"[12, 3.0, 33, 2.0]",1
Mg3Ru2,"[12, 3.0, 44, 2.0]",1
Mg3Rh1,"[12, 3.0, 45, 1.0]",1
Mg3Pd1,"[12, 3.0, 46, 1.0]",1
Mg3Pd5,"[12, 3.0, 46, 5.0]",1
La4Mg3Ag10,"[57, 4.0, 12, 3.0, 47, 10.0]",1
Mg3Cd1,"[12, 3.0, 48, 1.0]",1
Mg3In1,"[12, 3.0, 49, 1.0]",1
Mg3Sb2,"[12, 3.0, 51, 2.0]",1
La1Mg3,"[57, 1.0, 12, 3.0]",1
Ce1Mg3,"[58, 1.0, 12, 3.0]",1
Pr1Mg3,"[59, 1.0, 12, 3.0]",1
Nd1Mg3,"[60, 1.0, 12, 3.0]",1
Sm1Mg3,"[62, 1.0, 12, 3.0]",1
Tb1Mg3,"[65, 1.0, 12, 3.0]",1
Dy1Mg3,"[66, 1.0, 12, 3.0]",1
Mg3Ir1,"[12, 3.0, 77, 1.0]",1
Mg3Pt1,"[12, 3.0, 78, 1.0]",0
Mg3Au1,"[12, 3.0, 79, 1.0]",1
Mg3Bi2,"[12, 3.0, 83, 2.0]",0
Ba1Mg4Si3,"[56, 1.0, 12, 4.0, 14, 3.0]",1
Mg4P6Rh7,"[12, 4.0, 15, 6.0, 45, 7.0]",1
La23Mg4Ni7,"[57, 23.0, 12, 4.0, 28, 7.0]",1
Pr23Mg4Ni7,"[59, 23.0, 12, 4.0, 28, 7.0]",1
Nd23Mg4Ni7,"[60, 23.0, 12, 4.0, 28, 7.0]",1
La1Mg4Cu1,"[57, 1.0, 12, 4.0, 29, 1.0]",1
Tb1Mg4Cu1,"[65, 1.0, 12, 4.0, 29, 1.0]",1
Ba1Mg4Ge3,"[56, 1.0, 12, 4.0, 32, 3.0]",1
Mg4As6Rh7,"[12, 4.0, 33, 6.0, 45, 7.0]",1
Mg4As6Ir7,"[12, 4.0, 33, 6.0, 77, 7.0]",1
Mg44Rh7,"[12, 44.0, 45, 7.0]",0
La23Mg4Rh7,"[57, 23.0, 12, 4.0, 45, 7.0]",1
Pr23Mg4Rh7,"[59, 23.0, 12, 4.0, 45, 7.0]",1
Nd23Mg4Rh7,"[60, 23.0, 12, 4.0, 45, 7.0]",1
Mg44Ir7,"[12, 44.0, 77, 7.0]",0
La23Mg4Ir7,"[57, 23.0, 12, 4.0, 77, 7.0]",1
La23Mg4Pt7,"[57, 23.0, 12, 4.0, 78, 7.0]",1
Pr23Mg4Pt7,"[59, 23.0, 12, 4.0, 78, 7.0]",1
Nd23Mg4Ir7,"[60, 23.0, 12, 4.0, 77, 7.0]",1
Nd23Mg4Pt7,"[60, 23.0, 12, 4.0, 78, 7.0]",1
Sm23Mg4Pt7,"[62, 23.0, 12, 4.0, 78, 7.0]",1
Mg1H24Cl2O12,"[12, 1.0, 1, 24.0, 17, 2.0, 8, 12.0]",1
Mg2Cd1H24Br6O12,"[12, 2.0, 48, 1.0, 1, 24.0, 35, 6.0, 8, 12.0]",1
Mg5Si16Pd10,"[12, 5.0, 14, 16.0, 46, 10.0]",1
Mg5Si16Pt10,"[12, 5.0, 14, 16.0, 78, 10.0]",1
Eu3Mg5Si5,"[63, 3.0, 12, 5.0, 14, 5.0]",1
Mg5Ni9P7,"[12, 5.0, 28, 9.0, 15, 7.0]",1
K2Mg5Sn3,"[19, 2.0, 12, 5.0, 50, 3.0]",1
Mg5Ga2,"[12, 5.0, 31, 2.0]",1
Eu3Mg5Ge5,"[63, 3.0, 12, 5.0, 32, 5.0]",1
Pr4Mg5Ge6,"[59, 4.0, 12, 5.0, 32, 6.0]",1
Ce1Mg5Ru2,"[58, 1.0, 12, 5.0, 44, 2.0]",1
Mg5Rh2,"[12, 5.0, 45, 2.0]",1
Mg5Pd2,"[12, 5.0, 46, 2.0]",1
Mg5Hg3,"[12, 5.0, 80, 3.0]",0
Ba6Mg7H26,"[56, 6.0, 12, 7.0, 1, 26.0]",1
Mg6Si7Ni16,"[12, 6.0, 14, 7.0, 28, 16.0]",1
Mg6Cu16Si7,"[12, 6.0, 29, 16.0, 14, 7.0]",1
Mg6Ni16Ge7,"[12, 6.0, 28, 16.0, 32, 7.0]",1
Mg6Ni16As7,"[12, 6.0, 28, 16.0, 33, 7.0]",1
Ce4Mg7Ge6,"[58, 4.0, 12, 7.0, 32, 6.0]",1
Pr4Mg7Ge6,"[59, 4.0, 12, 7.0, 32, 6.0]",1
Nd4Mg7Ge6,"[60, 4.0, 12, 7.0, 32, 6.0]",1
Sm4Mg7Ge6,"[62, 4.0, 12, 7.0, 32, 6.0]",1
Mg3H2S2O10,"[12, 3.0, 1, 2.0, 16, 2.0, 8, 10.0]",1
Mg1H2Cl2O1,"[12, 1.0, 1, 2.0, 17, 2.0, 8, 1.0]",1
Na1Mg3P3H2O12,"[11, 1.0, 12, 3.0, 15, 3.0, 1, 2.0, 8, 12.0]",1
Mg3Si4H2O12,"[12, 3.0, 14, 4.0, 1, 2.0, 8, 12.0]",1
Mg1H2O2,"[12, 1.0, 1, 2.0, 8, 2.0]",1
Ca2Mg5Si8H2O24,"[20, 2.0, 12, 5.0, 14, 8.0, 1, 2.0, 8, 24.0]",1
Ce5Mg8Ge8,"[58, 5.0, 12, 8.0, 32, 8.0]",1
Mg1H2S1O5,"[12, 1.0, 1, 2.0, 16, 1.0, 8, 5.0]",1
Mg1H2Se1O5,"[12, 1.0, 1, 2.0, 34, 1.0, 8, 5.0]",1
Mg1Mo1H2O5,"[12, 1.0, 42, 1.0, 1, 2.0, 8, 5.0]",1
Mg1H2Se2O8,"[12, 1.0, 1, 2.0, 34, 2.0, 8, 8.0]",1
Mg1Sb2H2F14,"[12, 1.0, 51, 2.0, 1, 2.0, 9, 14.0]",1
Na1Mg1H3,"[11, 1.0, 12, 1.0, 1, 3.0]",1
K1Mg1H3,"[19, 1.0, 12, 1.0, 1, 3.0]",1
Rb1Mg1H3,"[37, 1.0, 12, 1.0, 1, 3.0]",1
Cs1Mg1H3,"[55, 1.0, 12, 1.0, 1, 3.0]",1
Li4Mg1H3N3,"[3, 4.0, 12, 1.0, 1, 3.0, 7, 3.0]",1
K2Mg1H4,"[19, 2.0, 12, 1.0, 1, 4.0]",1
Ca1Mg1Ni1H4,"[20, 1.0, 12, 1.0, 28, 1.0, 1, 4.0]",1
Sr1Mg1Ni1H4,"[38, 1.0, 12, 1.0, 28, 1.0, 1, 4.0]",1
Ce1Mg1Ni4H4,"[58, 1.0, 12, 1.0, 28, 4.0, 1, 4.0]",1
Sr1Mg1H4,"[38, 1.0, 12, 1.0, 1, 4.0]",1
Eu1Mg1H4,"[63, 1.0, 12, 1.0, 1, 4.0]",1
Mg2Ni1H4,"[12, 2.0, 28, 1.0, 1, 4.0]",1
Mg1P6H4N12,"[12, 1.0, 15, 6.0, 1, 4.0, 7, 12.0]",1
Mg1H4N2,"[12, 1.0, 1, 4.0, 7, 2.0]",1
K2Mg1Mo2H4O10,"[19, 2.0, 12, 1.0, 42, 2.0, 1, 4.0, 8, 10.0]",1
Ca2Mg1As2H4O10,"[20, 2.0, 12, 1.0, 33, 2.0, 1, 4.0, 8, 10.0]",1
Mg3Fe2H4Se6O20,"[12, 3.0, 26, 2.0, 1, 4.0, 34, 6.0, 8, 20.0]",1
Mg1H4Cl2O2,"[12, 1.0, 1, 4.0, 17, 2.0, 8, 2.0]",1
Mg7P6H4O24,"[12, 7.0, 15, 6.0, 1, 4.0, 8, 24.0]",1
Mg1H4Se1O5,"[12, 1.0, 1, 4.0, 34, 1.0, 8, 5.0]",1
Mg3Si2H4O9,"[12, 3.0, 14, 2.0, 1, 4.0, 8, 9.0]",1
Cs3Mg1H5,"[55, 3.0, 12, 1.0, 1, 5.0]",1
Mg2Co1H5,"[12, 2.0, 27, 1.0, 1, 5.0]",1
Ca19Mg8H54,"[20, 19.0, 12, 8.0, 1, 54.0]",0
Mg45Si32H58O138,"[12, 45.0, 14, 32.0, 1, 58.0, 8, 138.0]",0
Li3Mg1Zn5B15H60,"[3, 3.0, 12, 1.0, 30, 5.0, 5, 15.0, 1, 60.0]",0
Na2Mg2Ni1H6,"[11, 2.0, 12, 2.0, 28, 1.0, 1, 6.0]",1
Ba2Mg1H6,"[56, 2.0, 12, 1.0, 1, 6.0]",1
Mg2Fe1H6,"[12, 2.0, 26, 1.0, 1, 6.0]",1
Mg2H6Ru1,"[12, 2.0, 1, 6.0, 44, 1.0]",1
Eu1Mg2H6,"[63, 1.0, 12, 2.0, 1, 6.0]",1
Mg2H6Os1,"[12, 2.0, 1, 6.0, 76, 1.0]",1
Li1Mg1Al1H6,"[3, 1.0, 12, 1.0, 13, 1.0, 1, 6.0]",1
Li1Mg1H6Ir1,"[3, 1.0, 12, 1.0, 1, 6.0, 77, 1.0]",0
Mg1H6N2Cl2,"[12, 1.0, 1, 6.0, 7, 2.0, 17, 2.0]",1
Mg1H6Br2N2,"[12, 1.0, 1, 6.0, 35, 2.0, 7, 2.0]",1
Mg1H6S4O16,"[12, 1.0, 1, 6.0, 16, 4.0, 8, 16.0]",1
Rb4Mg1Fe8H6Se16O50,"[37, 4.0, 12, 1.0, 26, 8.0, 1, 6.0, 34, 16.0, 8, 50.0]",0
La1Mg2H7,"[57, 1.0, 12, 2.0, 1, 7.0]",1
Ce1Mg2H7,"[58, 1.0, 12, 2.0, 1, 7.0]",1
Mg3Mn1H7,"[12, 3.0, 25, 1.0, 1, 7.0]",1
Mg3Tc1H7,"[12, 3.0, 43, 1.0, 1, 7.0]",1
Mg3Re1H7,"[12, 3.0, 75, 1.0, 1, 7.0]",1
Li1Mg2H7Ru1,"[3, 1.0, 12, 2.0, 1, 7.0, 44, 1.0]",1
La2Mg1Ni2H8,"[57, 2.0, 12, 1.0, 28, 2.0, 1, 8.0]",1
Sr1Mg2Fe1H8,"[38, 1.0, 12, 2.0, 26, 1.0, 1, 8.0]",1
Ba1Mg2Fe1H8,"[56, 1.0, 12, 2.0, 26, 1.0, 1, 8.0]",1
Ba1Mg2H8Ru1,"[56, 1.0, 12, 2.0, 1, 8.0, 44, 1.0]",1
Ba1Mg2H8Os1,"[56, 1.0, 12, 2.0, 1, 8.0, 76, 1.0]",0
Mg1B2H8,"[12, 1.0, 5, 2.0, 1, 8.0]",1
K2Mg1H8C2O10,"[19, 2.0, 12, 1.0, 1, 8.0, 6, 2.0, 8, 10.0]",1
Rb2Mg1H8C2O10,"[37, 2.0, 12, 1.0, 1, 8.0, 6, 2.0, 8, 10.0]",1
Cs2Mg1H8C2O10,"[55, 2.0, 12, 1.0, 1, 8.0, 6, 2.0, 8, 10.0]",1
K2Mg1H8N4,"[19, 2.0, 12, 1.0, 1, 8.0, 7, 4.0]",1
Mg1P2H8O10,"[12, 1.0, 15, 2.0, 1, 8.0, 8, 10.0]",1
K2Mg1H8S2O12,"[19, 2.0, 12, 1.0, 1, 8.0, 16, 2.0, 8, 12.0]",1
Mg1H8Cl2O12,"[12, 1.0, 1, 8.0, 17, 2.0, 8, 12.0]",1
K2Mg1P4H8O16,"[19, 2.0, 12, 1.0, 15, 4.0, 1, 8.0, 8, 16.0]",1
Rb2Mg1P4H8O16,"[37, 2.0, 12, 1.0, 15, 4.0, 1, 8.0, 8, 16.0]",1
Cs2Mg1P4H8O16,"[55, 2.0, 12, 1.0, 15, 4.0, 1, 8.0, 8, 16.0]",1
Mg7P2H8O16,"[12, 7.0, 15, 2.0, 1, 8.0, 8, 16.0]",1
Mg1H8Cl2O4,"[12, 1.0, 1, 8.0, 17, 2.0, 8, 4.0]",1
Li1Ca10Mg1Sb9,"[3, 1.0, 20, 10.0, 12, 1.0, 51, 9.0]",1
Li1Mg1As1,"[3, 1.0, 12, 1.0, 33, 1.0]",1
Li1Mg1Sn1Pd1,"[3, 1.0, 12, 1.0, 50, 1.0, 46, 1.0]",1
Li1Mg1Sn1Pt1,"[3, 1.0, 12, 1.0, 50, 1.0, 78, 1.0]",1
Li1Mg1Sb1,"[3, 1.0, 12, 1.0, 51, 1.0]",1
Li1Mg1Bi1,"[3, 1.0, 12, 1.0, 83, 1.0]",1
Li1Mg3P3O11,"[3, 1.0, 12, 3.0, 15, 3.0, 8, 11.0]",1
Li1Mg1In1Mo3O12,"[3, 1.0, 12, 1.0, 49, 1.0, 42, 3.0, 8, 12.0]",1
Li1Mg1P1O4,"[3, 1.0, 12, 1.0, 15, 1.0, 8, 4.0]",1
Li1Mg1V1O4,"[3, 1.0, 12, 1.0, 23, 1.0, 8, 4.0]",1
Na1Li1Mg1P1O4F1,"[11, 1.0, 3, 1.0, 12, 1.0, 15, 1.0, 8, 4.0, 9, 1.0]",1
Li1Mg1Al1F6,"[3, 1.0, 12, 1.0, 13, 1.0, 9, 6.0]",1
Li2Mg1Si1,"[3, 2.0, 12, 1.0, 14, 1.0]",1
Li2Mg1In1,"[3, 2.0, 12, 1.0, 49, 1.0]",1
Ba1Li2Mg2Si2,"[56, 1.0, 3, 2.0, 12, 2.0, 14, 2.0]",1
Ba1Li2Mg2Ge2,"[56, 1.0, 3, 2.0, 12, 2.0, 32, 2.0]",1
Li2Mg10B12Rh19,"[3, 2.0, 12, 10.0, 5, 12.0, 45, 19.0]",1
Li2Mg2S3O12,"[3, 2.0, 12, 2.0, 16, 3.0, 8, 12.0]",1
Li2Mg1Si1O4,"[3, 2.0, 12, 1.0, 14, 1.0, 8, 4.0]",1
Li2Mg1Ge1O4,"[3, 2.0, 12, 1.0, 32, 1.0, 8, 4.0]",1
Li2Mg1Mn3O8,"[3, 2.0, 12, 1.0, 25, 3.0, 8, 8.0]",1
Li4Ca2Mg1Si2N6,"[3, 4.0, 20, 2.0, 12, 1.0, 14, 2.0, 7, 6.0]",1
Li7Mg8Zn9,"[3, 7.0, 12, 8.0, 30, 9.0]",1
Mg2Be1B2Ir5,"[12, 2.0, 4, 1.0, 5, 2.0, 77, 5.0]",1
Mg1Be2P2,"[12, 1.0, 4, 2.0, 15, 2.0]",1
Mg1Be2As2,"[12, 1.0, 4, 2.0, 33, 2.0]",1
Mg1Be2N2,"[12, 1.0, 4, 2.0, 7, 2.0]",1
K2Mg2Be3F12,"[19, 2.0, 12, 2.0, 4, 3.0, 9, 12.0]",1
Rb2Mg2Be3F12,"[37, 2.0, 12, 2.0, 4, 3.0, 9, 12.0]",1
Mg2Be3Tl2F12,"[12, 2.0, 4, 3.0, 81, 2.0, 9, 12.0]",1
Mg8B1Rh4,"[12, 8.0, 5, 1.0, 45, 4.0]",1
Mg8B1Pt4,"[12, 8.0, 5, 1.0, 78, 4.0]",1
Mg1Si2B12,"[12, 1.0, 14, 2.0, 5, 12.0]",1
Mg1B12C2,"[12, 1.0, 5, 12.0, 6, 2.0]",1
Mg10B16Ir19,"[12, 10.0, 5, 16.0, 77, 19.0]",0
K1Mg1B1O3,"[19, 1.0, 12, 1.0, 5, 1.0, 8, 3.0]",1
Rb1Mg1B1O3,"[37, 1.0, 12, 1.0, 5, 1.0, 8, 3.0]",1
Ba1Mg1B1O3F1,"[56, 1.0, 12, 1.0, 5, 1.0, 8, 3.0, 9, 1.0]",1
Mg1Al1B1O4,"[12, 1.0, 13, 1.0, 5, 1.0, 8, 4.0]",1
Mg1Al3Si1B1O9,"[12, 1.0, 13, 3.0, 14, 1.0, 5, 1.0, 8, 9.0]",1
Mg1B2,"[12, 1.0, 5, 2.0]",1
Mg1Ni3B2,"[12, 1.0, 28, 3.0, 5, 2.0]",1
Mg2Al1B2Ir5,"[12, 2.0, 13, 1.0, 5, 2.0, 77, 5.0]",0
Mg2Si1B2Ir5,"[12, 2.0, 14, 1.0, 5, 2.0, 77, 5.0]",1
Mg2Ti1B2Ir5,"[12, 2.0, 22, 1.0, 5, 2.0, 77, 5.0]",1
Mg2V1B2Ir5,"[12, 2.0, 23, 1.0, 5, 2.0, 77, 5.0]",1
Mg2Cr1B2Ir5,"[12, 2.0, 24, 1.0, 5, 2.0, 77, 5.0]",1
Mg2Mn1B2Ir5,"[12, 2.0, 25, 1.0, 5, 2.0, 77, 5.0]",1
Mg2Fe1B2Ir5,"[12, 2.0, 26, 1.0, 5, 2.0, 77, 5.0]",1
Mg2Co1B2Ir5,"[12, 2.0, 27, 1.0, 5, 2.0, 77, 5.0]",0
Mg2Ni1B2Ir5,"[12, 2.0, 28, 1.0, 5, 2.0, 77, 5.0]",1
Mg2Zn1B2Ir5,"[12, 2.0, 30, 1.0, 5, 2.0, 77, 5.0]",1
Mg2Ga1B2Ir5,"[12, 2.0, 31, 1.0, 5, 2.0, 77, 5.0]",1
Mg2Ge1B2Rh5,"[12, 2.0, 32, 1.0, 5, 2.0, 45, 5.0]",1
Mg2Ge1B2Ir5,"[12, 2.0, 32, 1.0, 5, 2.0, 77, 5.0]",1
Mg2B2As1Ir5,"[12, 2.0, 5, 2.0, 33, 1.0, 77, 5.0]",1
Mg3B2Rh5,"[12, 3.0, 5, 2.0, 45, 5.0]",1
Mg2B24C1,"[12, 2.0, 5, 24.0, 6, 1.0]",1
Mg1B2C2,"[12, 1.0, 5, 2.0, 6, 2.0]",1
Mg5Sn1B2O10,"[12, 5.0, 50, 1.0, 5, 2.0, 8, 10.0]",1
Sr1Mg1B2O5,"[38, 1.0, 12, 1.0, 5, 2.0, 8, 5.0]",1
Mg2B2O5,"[12, 2.0, 5, 2.0, 8, 5.0]",1
Sr2Mg1B2O6,"[38, 2.0, 12, 1.0, 5, 2.0, 8, 6.0]",1
Mg1Sn1B2O6,"[12, 1.0, 50, 1.0, 5, 2.0, 8, 6.0]",1
Ba2Mg1B2O6,"[56, 2.0, 12, 1.0, 5, 2.0, 8, 6.0]",1
Mg3B2O6,"[12, 3.0, 5, 2.0, 8, 6.0]",1
Mg1U1B2O7,"[12, 1.0, 92, 1.0, 5, 2.0, 8, 7.0]",1
Rb18Mg6B29O58F1,"[37, 18.0, 12, 6.0, 5, 29.0, 8, 58.0, 9, 1.0]",0
Mg5Nb1B3O12,"[12, 5.0, 41, 1.0, 5, 3.0, 8, 12.0]",1
Mg5Ta1B3O12,"[12, 5.0, 73, 1.0, 5, 3.0, 8, 12.0]",1
Mg5B3O9F1,"[12, 5.0, 5, 3.0, 8, 9.0, 9, 1.0]",1
Mg1B4,"[12, 1.0, 5, 4.0]",1
Mg1Al1B4,"[12, 1.0, 13, 1.0, 5, 4.0]",1
Mg1B4Os3,"[12, 1.0, 5, 4.0, 76, 3.0]",1
Mg2B4Ru5,"[12, 2.0, 5, 4.0, 44, 5.0]",1
Mg1B4O7,"[12, 1.0, 5, 4.0, 8, 7.0]",1
Na3Mg1B5O10,"[11, 3.0, 12, 1.0, 5, 5.0, 8, 10.0]",1
La1Mg1B5O10,"[57, 1.0, 12, 1.0, 5, 5.0, 8, 10.0]",1
Ce1Mg1B5O10,"[58, 1.0, 12, 1.0, 5, 5.0, 8, 10.0]",1
Pr1Mg1B5O10,"[59, 1.0, 12, 1.0, 5, 5.0, 8, 10.0]",1
Nd1Mg1B5O10,"[60, 1.0, 12, 1.0, 5, 5.0, 8, 10.0]",1
Sm1Mg1B5O10,"[62, 1.0, 12, 1.0, 5, 5.0, 8, 10.0]",1
Tb1Mg1B5O10,"[65, 1.0, 12, 1.0, 5, 5.0, 8, 10.0]",1
Mg3Ni20B6,"[12, 3.0, 28, 20.0, 5, 6.0]",1
Mg1B7,"[12, 1.0, 5, 7.0]",1
Mg3B7Cl1O13,"[12, 3.0, 5, 7.0, 17, 1.0, 8, 13.0]",1
Mg3B7Br1O13,"[12, 3.0, 5, 7.0, 35, 1.0, 8, 13.0]",1
Mg1B9N1,"[12, 1.0, 5, 9.0, 7, 1.0]",1
Mg1Co3C1,"[12, 1.0, 27, 3.0, 6, 1.0]",1
Mg1Ni3C1,"[12, 1.0, 28, 3.0, 6, 1.0]",1
Gd6Mg23C1,"[64, 6.0, 12, 23.0, 6, 1.0]",1
Mg1C1N2,"[12, 1.0, 6, 1.0, 7, 2.0]",1
Mg1C1O3,"[12, 1.0, 6, 1.0, 8, 3.0]",1
Rb1Mg1C1O3F1,"[37, 1.0, 12, 1.0, 6, 1.0, 8, 3.0, 9, 1.0]",1
Na3Mg1P1C1O7,"[11, 3.0, 12, 1.0, 15, 1.0, 6, 1.0, 8, 7.0]",1
Na2Mg1C2O6,"[11, 2.0, 12, 1.0, 6, 2.0, 8, 6.0]",1
Na3Mg1C2Cl1O6,"[11, 3.0, 12, 1.0, 6, 2.0, 17, 1.0, 8, 6.0]",1
Na3Mg1C2Br1O6,"[11, 3.0, 12, 1.0, 6, 2.0, 35, 1.0, 8, 6.0]",1
K2Mg1C2O6,"[19, 2.0, 12, 1.0, 6, 2.0, 8, 6.0]",1
Ca1Mg1C2O6,"[20, 1.0, 12, 1.0, 6, 2.0, 8, 6.0]",1
Na6Mg2C4S1O16,"[11, 6.0, 12, 2.0, 6, 4.0, 16, 1.0, 8, 16.0]",1
Cs2Mg1Fe1C6N6,"[55, 2.0, 12, 1.0, 26, 1.0, 6, 6.0, 7, 6.0]",1
Mg3As1N1,"[12, 3.0, 33, 1.0, 7, 1.0]",1
Mg3Sb1N1,"[12, 3.0, 51, 1.0, 7, 1.0]",1
Mg4P6S1N12,"[12, 4.0, 15, 6.0, 16, 1.0, 7, 12.0]",1
Na2Mg2P3N1O9,"[11, 2.0, 12, 2.0, 15, 3.0, 7, 1.0, 8, 9.0]",1
Mg3N1F3,"[12, 3.0, 7, 1.0, 9, 3.0]",1
Mg1Si1N2,"[12, 1.0, 14, 1.0, 7, 2.0]",1
Mg1Ge1N2,"[12, 1.0, 32, 1.0, 7, 2.0]",1
Mg1Mo1N2,"[12, 1.0, 42, 1.0, 7, 2.0]",1
Ca1Mg2N2,"[20, 1.0, 12, 2.0, 7, 2.0]",1
Sr1Mg2N2,"[38, 1.0, 12, 2.0, 7, 2.0]",1
Mg3N2,"[12, 3.0, 7, 2.0]",1
Mg2P1N3,"[12, 2.0, 15, 1.0, 7, 3.0]",1
Sr3Mg1Ge1N4,"[38, 3.0, 12, 1.0, 32, 1.0, 7, 4.0]",1
Ca1Mg3Si1N4,"[20, 1.0, 12, 3.0, 14, 1.0, 7, 4.0]",1
Sr1Mg3Si1N4,"[38, 1.0, 12, 3.0, 14, 1.0, 7, 4.0]",1
Eu1Mg3Si1N4,"[63, 1.0, 12, 3.0, 14, 1.0, 7, 4.0]",1
Sr1Mg1P3N5O2,"[38, 1.0, 12, 1.0, 15, 3.0, 7, 5.0, 8, 2.0]",1
Ba4Mg1Si2N6,"[56, 4.0, 12, 1.0, 14, 2.0, 7, 6.0]",1
Na1Mg2V3O10,"[11, 1.0, 12, 2.0, 23, 3.0, 8, 10.0]",1
K2Mg1P2W1O10,"[19, 2.0, 12, 1.0, 15, 2.0, 74, 1.0, 8, 10.0]",1
Mg1Ti2P2O10,"[12, 1.0, 22, 2.0, 15, 2.0, 8, 10.0]",1
Rb2Mg1P2W1O10,"[37, 2.0, 12, 1.0, 15, 2.0, 74, 1.0, 8, 10.0]",1
K1Na1Mg2Si4O10F2,"[19, 1.0, 11, 1.0, 12, 2.0, 14, 4.0, 8, 10.0, 9, 2.0]",1
Mg1P4O11,"[12, 1.0, 15, 4.0, 8, 11.0]",1
Mg3Nb6O11,"[12, 3.0, 41, 6.0, 8, 11.0]",1
Mg1O1,"[12, 1.0, 8, 1.0]",1
Na1Mg4V3O12,"[11, 1.0, 12, 4.0, 23, 3.0, 8, 12.0]",1
Na1Mg4As3O12,"[11, 1.0, 12, 4.0, 33, 3.0, 8, 12.0]",1
K2Mg1Si5O12,"[19, 2.0, 12, 1.0, 14, 5.0, 8, 12.0]",1
Cs2Mg1Si5O12,"[55, 2.0, 12, 1.0, 14, 5.0, 8, 12.0]",1
Mg1Bi4P2O12,"[12, 1.0, 83, 4.0, 15, 2.0, 8, 12.0]",1
K4Mg1Mo3O12,"[19, 4.0, 12, 1.0, 42, 3.0, 8, 12.0]",1
K2Mg2S3O12,"[19, 2.0, 12, 2.0, 16, 3.0, 8, 12.0]",1
Ca1Mg2S3O12,"[20, 1.0, 12, 2.0, 16, 3.0, 8, 12.0]",1
Rb2Mg2S3O12,"[37, 2.0, 12, 2.0, 16, 3.0, 8, 12.0]",1
K2Mg2Mo3O12,"[19, 2.0, 12, 2.0, 42, 3.0, 8, 12.0]",1
Rb2Mg2Mo3O12,"[37, 2.0, 12, 2.0, 42, 3.0, 8, 12.0]",1
Cs2Mg2Mo3O12,"[55, 2.0, 12, 2.0, 42, 3.0, 8, 12.0]",1
Mg2Tl2Mo3O12,"[12, 2.0, 81, 2.0, 42, 3.0, 8, 12.0]",1
K1Mg3V3Cu1O12,"[19, 1.0, 12, 3.0, 23, 3.0, 29, 1.0, 8, 12.0]",1
K1Mg3Cu1As3O12,"[19, 1.0, 12, 3.0, 29, 1.0, 33, 3.0, 8, 12.0]",1
Mg3Cu2As3O12,"[12, 3.0, 29, 2.0, 33, 3.0, 8, 12.0]",1
Na2Gd2Mg1Si4O12F2,"[11, 2.0, 64, 2.0, 12, 1.0, 14, 4.0, 8, 12.0, 9, 2.0]",1
Na4Mg3P4O15,"[11, 4.0, 12, 3.0, 15, 4.0, 8, 15.0]",1
Na3Mg2P5O16,"[11, 3.0, 12, 2.0, 15, 5.0, 8, 16.0]",1
Na6Mg1S4O16,"[11, 6.0, 12, 1.0, 16, 4.0, 8, 16.0]",1
Mg1Au2S4O16,"[12, 1.0, 79, 2.0, 16, 4.0, 8, 16.0]",1
Mg6Te5O16,"[12, 6.0, 52, 5.0, 8, 16.0]",1
Mg2Al4Si5O18,"[12, 2.0, 13, 4.0, 14, 5.0, 8, 18.0]",1
Ca2Mg5Si8O22F2,"[20, 2.0, 12, 5.0, 14, 8.0, 8, 22.0, 9, 2.0]",1
Mg5Pb1S6O24,"[12, 5.0, 82, 1.0, 16, 6.0, 8, 24.0]",1
K1Mg6P7O24,"[19, 1.0, 12, 6.0, 15, 7.0, 8, 24.0]",1
Na1Ca9Mg1P7O28,"[11, 1.0, 20, 9.0, 12, 1.0, 15, 7.0, 8, 28.0]",1
K1Ca9Mg1P7O28,"[19, 1.0, 20, 9.0, 12, 1.0, 15, 7.0, 8, 28.0]",1
Mg1Ti1O3,"[12, 1.0, 22, 1.0, 8, 3.0]",1
Mg1Ge1O3,"[12, 1.0, 32, 1.0, 8, 3.0]",1
Mg1Se1O3,"[12, 1.0, 34, 1.0, 8, 3.0]",1
K2Th3Mg1Mo8O32,"[19, 2.0, 90, 3.0, 12, 1.0, 42, 8.0, 8, 32.0]",0
Rb2Th3Mg1Mo8O32,"[37, 2.0, 90, 3.0, 12, 1.0, 42, 8.0, 8, 32.0]",1
Na1Mg1P1O4,"[11, 1.0, 12, 1.0, 15, 1.0, 8, 4.0]",1
Na2Mg1Si1O4,"[11, 2.0, 12, 1.0, 14, 1.0, 8, 4.0]",1
Na2Mg1Ge1O4,"[11, 2.0, 12, 1.0, 32, 1.0, 8, 4.0]",1
Mg1Al2O4,"[12, 1.0, 13, 2.0, 8, 4.0]",1
K2Mg1Si1O4,"[19, 2.0, 12, 1.0, 14, 1.0, 8, 4.0]",1
Ca1Mg1Si1O4,"[20, 1.0, 12, 1.0, 14, 1.0, 8, 4.0]",1
Mg1Mn1Si1O4,"[12, 1.0, 25, 1.0, 14, 1.0, 8, 4.0]",1
Mg1Fe1Si1O4,"[12, 1.0, 26, 1.0, 14, 1.0, 8, 4.0]",1
K1Mg1P1O4,"[19, 1.0, 12, 1.0, 15, 1.0, 8, 4.0]",1
Rb1Mg1P1O4,"[37, 1.0, 12, 1.0, 15, 1.0, 8, 4.0]",1
Cs1Mg1P1O4,"[55, 1.0, 12, 1.0, 15, 1.0, 8, 4.0]",1
Mg1S1O4,"[12, 1.0, 16, 1.0, 8, 4.0]",1
K2Mg1Ge1O4,"[19, 2.0, 12, 1.0, 32, 1.0, 8, 4.0]",1
K6Mg1O4,"[19, 6.0, 12, 1.0, 8, 4.0]",1
Ca1Mg1Ge1O4,"[20, 1.0, 12, 1.0, 32, 1.0, 8, 4.0]",1
Mg1Cr1O4,"[12, 1.0, 24, 1.0, 8, 4.0]",1
Mg1Cr2O4,"[12, 1.0, 24, 2.0, 8, 4.0]",1
Mg1Mn2O4,"[12, 1.0, 25, 2.0, 8, 4.0]",1
Mg1Fe2O4,"[12, 1.0, 26, 2.0, 8, 4.0]",1
Mg1Se1O4,"[12, 1.0, 34, 1.0, 8, 4.0]",1
Mg1Mo1O4,"[12, 1.0, 42, 1.0, 8, 4.0]",1
Mg1Sb2O4,"[12, 1.0, 51, 2.0, 8, 4.0]",1
Mg1Te1O4,"[12, 1.0, 52, 1.0, 8, 4.0]",1
Mg1W1O4,"[12, 1.0, 74, 1.0, 8, 4.0]",0
Mg2Si1O4,"[12, 2.0, 14, 1.0, 8, 4.0]",1
Mg2Ge1O4,"[12, 2.0, 32, 1.0, 8, 4.0]",1
Na1Mg1S1O4F1,"[11, 1.0, 12, 1.0, 16, 1.0, 8, 4.0, 9, 1.0]",1
Na2Mg1P1O4F1,"[11, 2.0, 12, 1.0, 15, 1.0, 8, 4.0, 9, 1.0]",1
Ca1Mg1As1O4F1,"[20, 1.0, 12, 1.0, 33, 1.0, 8, 4.0, 9, 1.0]",1
Mg2P1O4F1,"[12, 2.0, 15, 1.0, 8, 4.0, 9, 1.0]",1
Mg3Si1O4F2,"[12, 3.0, 14, 1.0, 8, 4.0, 9, 2.0]",1
Mg1Al1P1O5,"[12, 1.0, 13, 1.0, 15, 1.0, 8, 5.0]",1
Mg1Ti2O5,"[12, 1.0, 22, 2.0, 8, 5.0]",1
Mg1V1Bi1O5,"[12, 1.0, 23, 1.0, 83, 1.0, 8, 5.0]",0
Mg1Se2O5,"[12, 1.0, 34, 2.0, 8, 5.0]",1
Na1La1Mg1Te1O6,"[11, 1.0, 57, 1.0, 12, 1.0, 52, 1.0, 8, 6.0]",1
Na1Nd1Mg1W1O6,"[11, 1.0, 60, 1.0, 12, 1.0, 74, 1.0, 8, 6.0]",1
Ca1Mg1Si2O6,"[20, 1.0, 12, 1.0, 14, 2.0, 8, 6.0]",1
Mg1P2O6,"[12, 1.0, 15, 2.0, 8, 6.0]",1
Mg1P4Cl10O6,"[12, 1.0, 15, 4.0, 17, 10.0, 8, 6.0]",1
Ca2Mg1W1O6,"[20, 2.0, 12, 1.0, 74, 1.0, 8, 6.0]",1
Mg1V2O6,"[12, 1.0, 23, 2.0, 8, 6.0]",1
Sr2Mg1Mo1O6,"[38, 2.0, 12, 1.0, 42, 1.0, 8, 6.0]",1
Sr2Mg1Te1O6,"[38, 2.0, 12, 1.0, 52, 1.0, 8, 6.0]",1
Sr2Mg1W1O6,"[38, 2.0, 12, 1.0, 74, 1.0, 8, 6.0]",0
Sr2Mg1Re1O6,"[38, 2.0, 12, 1.0, 75, 1.0, 8, 6.0]",1
Sr2Mg1Os1O6,"[38, 2.0, 12, 1.0, 76, 1.0, 8, 6.0]",1
Sr2Mg1Ir1O6,"[38, 2.0, 12, 1.0, 77, 1.0, 8, 6.0]",1
Sr3Mg1Rh1O6,"[38, 3.0, 12, 1.0, 45, 1.0, 8, 6.0]",1
Sr3Mg1Ir1O6,"[38, 3.0, 12, 1.0, 77, 1.0, 8, 6.0]",1
Sr3Mg1Pt1O6,"[38, 3.0, 12, 1.0, 78, 1.0, 8, 6.0]",1
Mg1Nb2O6,"[12, 1.0, 41, 2.0, 8, 6.0]",1
Ba2Mg1Mo1O6,"[56, 2.0, 12, 1.0, 42, 1.0, 8, 6.0]",1
La2Mg1Rh1O6,"[57, 2.0, 12, 1.0, 45, 1.0, 8, 6.0]",1
Mg1Sb2O6,"[12, 1.0, 51, 2.0, 8, 6.0]",1
Mg1I2O6,"[12, 1.0, 53, 2.0, 8, 6.0]",1
Ba2Mg1W1O6,"[56, 2.0, 12, 1.0, 74, 1.0, 8, 6.0]",0
Ba2Mg1Re1O6,"[56, 2.0, 12, 1.0, 75, 1.0, 8, 6.0]",1
Ba2Mg1Os1O6,"[56, 2.0, 12, 1.0, 76, 1.0, 8, 6.0]",1
Ba2Mg1U1O6,"[56, 2.0, 12, 1.0, 92, 1.0, 8, 6.0]",1
La2Mg1Ir1O6,"[57, 2.0, 12, 1.0, 77, 1.0, 8, 6.0]",1
Pr2Mg1Ir1O6,"[59, 2.0, 12, 1.0, 77, 1.0, 8, 6.0]",1
Pr2Mg1Pt1O6,"[59, 2.0, 12, 1.0, 78, 1.0, 8, 6.0]",1
Nd2Mg1Pt1O6,"[60, 2.0, 12, 1.0, 78, 1.0, 8, 6.0]",1
Gd2Mg1Pt1O6,"[64, 2.0, 12, 1.0, 78, 1.0, 8, 6.0]",1
Mg1Ta2O6,"[12, 1.0, 73, 2.0, 8, 6.0]",1
Mg1Pb2W1O6,"[12, 1.0, 82, 2.0, 74, 1.0, 8, 6.0]",0
Mg1Pt3O6,"[12, 1.0, 78, 3.0, 8, 6.0]",1
Mg1Bi2O6,"[12, 1.0, 83, 2.0, 8, 6.0]",0
Mg2Bi1P1O6,"[12, 2.0, 83, 1.0, 15, 1.0, 8, 6.0]",1
Mg3Te1O6,"[12, 3.0, 52, 1.0, 8, 6.0]",1
Sr2Mg1Si2O7,"[38, 2.0, 12, 1.0, 14, 2.0, 8, 7.0]",1
Ba2Mg1Si2O7,"[56, 2.0, 12, 1.0, 14, 2.0, 8, 7.0]",1
Eu2Mg1Si2O7,"[63, 2.0, 12, 1.0, 14, 2.0, 8, 7.0]",1
Sr1Mg1P2O7,"[38, 1.0, 12, 1.0, 15, 2.0, 8, 7.0]",1
Ba1Mg1P2O7,"[56, 1.0, 12, 1.0, 15, 2.0, 8, 7.0]",1
Mg1S2O7,"[12, 1.0, 16, 2.0, 8, 7.0]",1
K2Mg1V2O7,"[19, 2.0, 12, 1.0, 23, 2.0, 8, 7.0]",1
Sr1Mg1V2O7,"[38, 1.0, 12, 1.0, 23, 2.0, 8, 7.0]",1
Mg1V2Pb1O7,"[12, 1.0, 23, 2.0, 82, 1.0, 8, 7.0]",1
Sr2Mg1Ge2O7,"[38, 2.0, 12, 1.0, 32, 2.0, 8, 7.0]",1
Ba2Mg1Ge2O7,"[56, 2.0, 12, 1.0, 32, 2.0, 8, 7.0]",1
Mg1Mo2O7,"[12, 1.0, 42, 2.0, 8, 7.0]",1
Ba1Mg2Si2O7,"[56, 1.0, 12, 2.0, 14, 2.0, 8, 7.0]",1
Mg2P2O7,"[12, 2.0, 15, 2.0, 8, 7.0]",1
Mg2V2O7,"[12, 2.0, 23, 2.0, 8, 7.0]",1
Mg2As2O7,"[12, 2.0, 33, 2.0, 8, 7.0]",1
Na2Ca1Mg1P2O8,"[11, 2.0, 20, 1.0, 12, 1.0, 15, 2.0, 8, 8.0]",1
Na2Sr1Mg1P2O8,"[11, 2.0, 38, 1.0, 12, 1.0, 15, 2.0, 8, 8.0]",1
Ba1Na2Mg1P2O8,"[56, 1.0, 11, 2.0, 12, 1.0, 15, 2.0, 8, 8.0]",1
Ba1Sr2Mg1Si2O8,"[56, 1.0, 38, 2.0, 12, 1.0, 14, 2.0, 8, 8.0]",1
K1Mg1Fe1P2O8,"[19, 1.0, 12, 1.0, 26, 1.0, 15, 2.0, 8, 8.0]",1
Ba2Mg1P2O8,"[56, 2.0, 12, 1.0, 15, 2.0, 8, 8.0]",1
Mg1Cl2O8,"[12, 1.0, 17, 2.0, 8, 8.0]",1
Mg1Zn2As2O8,"[12, 1.0, 30, 2.0, 33, 2.0, 8, 8.0]",1
Mg2Mn1P2O8,"[12, 2.0, 25, 1.0, 15, 2.0, 8, 8.0]",1
Ba1Mg2V2O8,"[56, 1.0, 12, 2.0, 23, 2.0, 8, 8.0]",1
Mg2Te3O8,"[12, 2.0, 52, 3.0, 8, 8.0]",1
Mg3P2O8,"[12, 3.0, 15, 2.0, 8, 8.0]",1
Mg3V2O8,"[12, 3.0, 23, 2.0, 8, 8.0]",1
Mg6Mn1O8,"[12, 6.0, 25, 1.0, 8, 8.0]",1
Mg5Si2O8F2,"[12, 5.0, 14, 2.0, 8, 8.0, 9, 2.0]",1
Na1Mg1P3O9,"[11, 1.0, 12, 1.0, 15, 3.0, 8, 9.0]",1
K1Mg1P3O9,"[19, 1.0, 12, 1.0, 15, 3.0, 8, 9.0]",1
Mg1Ag1P3O9,"[12, 1.0, 47, 1.0, 15, 3.0, 8, 9.0]",1
Sr3Mg1Ta2O9,"[38, 3.0, 12, 1.0, 73, 2.0, 8, 9.0]",1
Ba3Mg1Nb2O9,"[56, 3.0, 12, 1.0, 41, 2.0, 8, 9.0]",1
Ba3Mg1Ru2O9,"[56, 3.0, 12, 1.0, 44, 2.0, 8, 9.0]",1
Ba3Mg1Sb2O9,"[56, 3.0, 12, 1.0, 51, 2.0, 8, 9.0]",1
Ba3Mg1Ta2O9,"[56, 3.0, 12, 1.0, 73, 2.0, 8, 9.0]",0
Ba3Mg1Ir2O9,"[56, 3.0, 12, 1.0, 77, 2.0, 8, 9.0]",1
Mg4Nb2O9,"[12, 4.0, 41, 2.0, 8, 9.0]",1
Mg4Ta2O9,"[12, 4.0, 73, 2.0, 8, 9.0]",1
Cs4Mg3F10,"[55, 4.0, 12, 3.0, 9, 10.0]",1
Na3Ca1Mg3Al1F14,"[11, 3.0, 20, 1.0, 12, 3.0, 13, 1.0, 9, 14.0]",1
Ba2Ca1Mg1Al2F14,"[56, 2.0, 20, 1.0, 12, 1.0, 13, 2.0, 9, 14.0]",1
Mg1As2Xe2F16,"[12, 1.0, 33, 2.0, 54, 2.0, 9, 16.0]",1
K1Mg1As3F18,"[19, 1.0, 12, 1.0, 33, 3.0, 9, 18.0]",1
Mg1As2Xe2F18,"[12, 1.0, 33, 2.0, 54, 2.0, 9, 18.0]",1
Mg1As2Xe4F20,"[12, 1.0, 33, 2.0, 54, 4.0, 9, 20.0]",1
Mg1F2,"[12, 1.0, 9, 2.0]",1
Mg1Sb3Xe1F23,"[12, 1.0, 51, 3.0, 54, 1.0, 9, 23.0]",1
Na1Mg1F3,"[11, 1.0, 12, 1.0, 9, 3.0]",1
K1Mg1F3,"[19, 1.0, 12, 1.0, 9, 3.0]",1
Rb1Mg1F3,"[37, 1.0, 12, 1.0, 9, 3.0]",1
K2Mg1F4,"[19, 2.0, 12, 1.0, 9, 4.0]",1
Rb2Mg1F4,"[37, 2.0, 12, 1.0, 9, 4.0]",1
Mg1Cr1F6,"[12, 1.0, 24, 1.0, 9, 6.0]",1
Mg1Zr1F6,"[12, 1.0, 40, 1.0, 9, 6.0]",1
Mg1Rh1F6,"[12, 1.0, 45, 1.0, 9, 6.0]",1
Mg1Pd1F6,"[12, 1.0, 46, 1.0, 9, 6.0]",1
Mg1Pb1F6,"[12, 1.0, 82, 1.0, 9, 6.0]",1
Na2Mg1Al1F7,"[11, 2.0, 12, 1.0, 13, 1.0, 9, 7.0]",1
Na2Mg1Sc1F7,"[11, 2.0, 12, 1.0, 21, 1.0, 9, 7.0]",1
Na2Mg1V1F7,"[11, 2.0, 12, 1.0, 23, 1.0, 9, 7.0]",1
Na2Mg1Cr1F7,"[11, 2.0, 12, 1.0, 24, 1.0, 9, 7.0]",1
Na2Mg1Fe1F7,"[11, 2.0, 12, 1.0, 26, 1.0, 9, 7.0]",1
Na2Mg1Ga1F7,"[11, 2.0, 12, 1.0, 31, 1.0, 9, 7.0]",1
Na2Mg1In1F7,"[11, 2.0, 12, 1.0, 49, 1.0, 9, 7.0]",1
Mg1Au2F8,"[12, 1.0, 79, 2.0, 9, 8.0]",1
